Game_id,Player_id,Plus/Minus
021fd159b55773fba8157e2090fe0fe3,c00264c3114d23bac482e9de50fb7d28,118
021fd159b55773fba8157e2090fe0fe4,89706b99ddd00dc05d37ef5cafc04276,86
021fd159b55773fba8157e2090fe0fe5,57bbd7e30bc694aeee9ee40c583e6811,105
021fd159b55773fba8157e2090fe0fe6,a99f44bbff39e352191a870e17f04537,96
021fd159b55773fba8157e2090fe0fe7,881f83d2dee3f18c7d1751659406144e,86
021fd159b55773fba8157e2090fe0fe8,307beab25b1021a548b4a47550bc4b25,108
021fd159b55773fba8157e2090fe0fe9,cec898a1d355dbfbad8c760615fde1af,90
021fd159b55773fba8157e2090fe0fe10,2b313e2bcef0268bc8e9415132ba9997,80
021fd159b55773fba8157e2090fe0fe11,d6bc5eb6ed54c734628cb4d237f99031,16
021fd159b55773fba8157e2090fe0fe12,1362d9ad805e7cc4ea3a9467c91142d6,50
021fd159b55773fba8157e2090fe0fe13,b2fada91a0c8a0f400623c425286ae2e,62
021fd159b55773fba8157e2090fe0fe14,33963fe856a1523ff46438ba07d1d99f,16
021fd159b55773fba8157e2090fe0fe15,603daefb2fa321f3abab289805fdcc25,22
021fd159b55773fba8157e2090fe0fe16,27ea17a8685c4919f157e83fe9cb2d9e,85
021fd159b55773fba8157e2090fe0fe17,60b5f9f68ccbbf7ba3fa13a2189e2775,33
021fd159b55773fba8157e2090fe0fe18,c1fe6ed491d04e3cdf50755dff23b263,54
021fd159b55773fba8157e2090fe0fe19,2d9594e4d250679e7a3383ad5ccd2f44,0
021fd159b55773fba8157e2090fe0fe20,8bb18fb1d0cc10c985afa823ecec6d18,0
021fd159b55773fba8157e2090fe0fe21,314c71574689f752c17b83cd6a4d770e,14
03a31e84b194d6c8a2eab5d70ba67acf,1376b4800e5b2d50ce35a57827eadcfc,95
03a31e84b194d6c8a2eab5d70ba67acf,71cd93e320cd2da78733d23dae3274a0,78
03a31e84b194d6c8a2eab5d70ba67acf,f5f1164263044fc2ee91242daa221045,91
03a31e84b194d6c8a2eab5d70ba67acf,387d067091bd3a9264576ddb74759f5f,165
03a31e84b194d6c8a2eab5d70ba67acf,8bea2707e7bf04c8a3d8188b87d92c0e,100
03a31e84b194d6c8a2eab5d70ba67acf,952cb62f00fbb58407f3a7cd89c3a7bf,47
03a31e84b194d6c8a2eab5d70ba67acf,5fe2b12999c5b4a17dba17cb76b0cfbc,76
03a31e84b194d6c8a2eab5d70ba67acf,e2d5a38e5f826708c89f2f728eade916,131
03a31e84b194d6c8a2eab5d70ba67acf,17651fd844ca9177694e0fe8e13ade03,49
03a31e84b194d6c8a2eab5d70ba67acf,2b8bdfc64f41d1adefabcf7e0667a618,94
03a31e84b194d6c8a2eab5d70ba67acf,e688b1a601a44fb2ac79c58bf6c89e8b,139
03a31e84b194d6c8a2eab5d70ba67acf,7438349cba4a3154e331f38cfbb2dd5e,110
03a31e84b194d6c8a2eab5d70ba67acf,e6d3fc584789b9b914791ec969a8d5a4,77
03a31e84b194d6c8a2eab5d70ba67acf,43a74f78a8e39c7fb0ad193fb24f52ba,65
03a31e84b194d6c8a2eab5d70ba67acf,257b19b06545dcb0a4eb3a01d7952eed,69
03a31e84b194d6c8a2eab5d70ba67acf,6b08fc64c8d282c36e800d28eb278027,79
03a31e84b194d6c8a2eab5d70ba67acf,b248b1d9caa41a3562d67584c1a0b399,78
03a31e84b194d6c8a2eab5d70ba67acf,84a4a3c70c57b7d570baca43b5423ba3,19
03a31e84b194d6c8a2eab5d70ba67acf,1e76e7a4a5b6d17e67172710d86b6b51,0
03a31e84b194d6c8a2eab5d70ba67acf,81e57235a0f7d2ad49e275ae41070094,0
03a31e84b194d6c8a2eab5d70ba67acf,d1af6080bd4b6a794ba3595dab2b1fb8,0
06bb1d31c63891e2580ff12e4e6505b5,9f0ee42268a2542d7fd028fe79184286,78
06bb1d31c63891e2580ff12e4e6505b6,1a8dfc8c85278dd28ed7985e40fc6018,115
06bb1d31c63891e2580ff12e4e6505b7,9d4117dd37b6a8592a711ef940b82de4,90
06bb1d31c63891e2580ff12e4e6505b8,d8e4f0fd2e836518e681c99a3f9e4411,124
06bb1d31c63891e2580ff12e4e6505b9,394e78a51b6d2fd3c046f11f49fcab57,120
06bb1d31c63891e2580ff12e4e6505b10,1a48480fc3370082483f158f10948bba,97
06bb1d31c63891e2580ff12e4e6505b11,adcd53acc9f5585db4c510745b2bac89,53
06bb1d31c63891e2580ff12e4e6505b12,58f273dbbf002f0ec411fc247e07dd0a,131
06bb1d31c63891e2580ff12e4e6505b13,eaa6c5d9e964e04fa05b4db476fb46f0,137
06bb1d31c63891e2580ff12e4e6505b14,1c73194e0fa711701298e4a27b046bab,46
06bb1d31c63891e2580ff12e4e6505b15,646b0273682c1592a938bbfb21332ded,126
06bb1d31c63891e2580ff12e4e6505b16,1cd0599b37f77c2be76a2c6df23d1ba8,165
06bb1d31c63891e2580ff12e4e6505b17,b098111d3935607a714ddc7d4b057a1b,20
06bb1d31c63891e2580ff12e4e6505b18,28ce9a11a56397b259299fdd9710dab5,75
06bb1d31c63891e2580ff12e4e6505b19,762b12c3cb57fad4b882040b3293fa31,69
06bb1d31c63891e2580ff12e4e6505b20,3056d865481cd5919672eb92e1f8b53f,40
06bb1d31c63891e2580ff12e4e6505b21,85b8db431f11d51d5def87fc58229be4,51
06bb1d31c63891e2580ff12e4e6505b22,1532445b96ca1edd411bfae064b189bb,42
06bb1d31c63891e2580ff12e4e6505b23,f285f13f0c036a88bd85535e47e88aef,80
07e76f7482773e81e2351d1692e9e5bb,c2502dbdbdc5273bac8daa884e3ff63a,106
07e76f7482773e81e2351d1692e9e5bb,4596ed9dd04a94f6ad5e60ebda302350,65
07e76f7482773e81e2351d1692e9e5bb,336ec76a9accfb5359ea7e69f2610947,81
07e76f7482773e81e2351d1692e9e5bb,64434221db9ba319f8d13632f1c2ad32,76
07e76f7482773e81e2351d1692e9e5bb,f2e41e7ce25aff54b85ee5ab66f69187,82
07e76f7482773e81e2351d1692e9e5bb,1b335cd14d37addc486b357c3b58db27,69
07e76f7482773e81e2351d1692e9e5bb,67f4ecb2bff373b7f14f59bdf87b47c6,18
07e76f7482773e81e2351d1692e9e5bb,bc77b0f38cb51b2cfe8552000e585cbf,102
07e76f7482773e81e2351d1692e9e5bb,5f2d1b7a31eb9117654c9d056093bfa5,73
07e76f7482773e81e2351d1692e9e5bb,867712e1cdfd8b15d083f3be2af4bc0f,35
07e76f7482773e81e2351d1692e9e5bb,9075d598a348b290d9c426e41662e593,88
07e76f7482773e81e2351d1692e9e5bb,9fa70948d1ad86af009ffad239f8a464,60
07e76f7482773e81e2351d1692e9e5bb,3a7ac3ab38d3261d8c162d52a7f4e644,127
07e76f7482773e81e2351d1692e9e5bb,963242c7a25ba9a70b245f482e960e75,83
07e76f7482773e81e2351d1692e9e5bb,36f020989d86eefe270ab346e6f80e4e,59
07e76f7482773e81e2351d1692e9e5bb,b2ba11f9de4921e8eee910b7c9d5404f,6
07e76f7482773e81e2351d1692e9e5bb,050e16220dddff68fc37eca695cee3b4,62
07e76f7482773e81e2351d1692e9e5bb,508d962863dc09f49884cdd9a53d804a,85
07e76f7482773e81e2351d1692e9e5bb,007b0de63548bac45dfacc0870a4a537,53
07e76f7482773e81e2351d1692e9e5bb,404f3be24b921150227c13f766e084cf,80
07e76f7482773e81e2351d1692e9e5bb,2faa88bc657b3dbf4aeeb2f3eb7a1e23,90
0868dee930f69a54541d4ae88b841a38,1278107e4a5c3735de706159c381fd82,57
0868dee930f69a54541d4ae88b841a39,d38e656ac7e867b6f28064fcf8d8fcaf,32
0868dee930f69a54541d4ae88b841a40,45e7a758a91a254ff04756562e740f2d,154
0868dee930f69a54541d4ae88b841a41,5f2d1b7a31eb9117654c9d056093bfa5,20
0868dee930f69a54541d4ae88b841a42,bc77b0f38cb51b2cfe8552000e585cbf,79
0868dee930f69a54541d4ae88b841a43,00654b6c2e1d8c24d06464620db7a262,132
0868dee930f69a54541d4ae88b841a44,c4072556336827a70c8a0298bc658b5b,133
0868dee930f69a54541d4ae88b841a45,336ec76a9accfb5359ea7e69f2610947,50
0868dee930f69a54541d4ae88b841a46,be9b1397bcb9fb9104edd23670988cda,29
0868dee930f69a54541d4ae88b841a47,867712e1cdfd8b15d083f3be2af4bc0f,59
0868dee930f69a54541d4ae88b841a48,8c95d54ad5593f5c4fc5015dcded3b55,33
0868dee930f69a54541d4ae88b841a49,021dabc5d7a1404ec8ad34fe8ca4b5e3,104
0868dee930f69a54541d4ae88b841a50,050e16220dddff68fc37eca695cee3b4,120
0868dee930f69a54541d4ae88b841a51,36f020989d86eefe270ab346e6f80e4e,93
0868dee930f69a54541d4ae88b841a52,3a7ac3ab38d3261d8c162d52a7f4e644,122
0868dee930f69a54541d4ae88b841a53,4596ed9dd04a94f6ad5e60ebda302350,156
0868dee930f69a54541d4ae88b841a54,4f4e47023263931e1445dc97f7dae941,24
0868dee930f69a54541d4ae88b841a55,315f46f7a5e1de7ef9b4c2430ce64e2d,22
0868dee930f69a54541d4ae88b841a56,7afc3cf0c2557f13e927da9ab03725dc,63
0868dee930f69a54541d4ae88b841a57,5779f715384a05dc9cea4ddf21ab564c,95
0868dee930f69a54541d4ae88b841a58,2a40d43addc5ad313eebfbddf91a8fec,0
0868dee930f69a54541d4ae88b841a59,16c56b1b16bf0406cbf533e2b097cdaa,0
0868dee930f69a54541d4ae88b841a60,963242c7a25ba9a70b245f482e960e75,0
09d46e3d7a8253b7209100650b5afaeb,3f67235a5607746cc215eee5dd447a5e,88
09d46e3d7a8253b7209100650b5afaeb,6284f9ad059fd7910f24ab69df891760,144
09d46e3d7a8253b7209100650b5afaeb,00654b6c2e1d8c24d06464620db7a262,113
09d46e3d7a8253b7209100650b5afaeb,d74c692dc5f817e5d6598338b24e1035,109
09d46e3d7a8253b7209100650b5afaeb,45e7a758a91a254ff04756562e740f2d,97
09d46e3d7a8253b7209100650b5afaeb,c4072556336827a70c8a0298bc658b5b,87
09d46e3d7a8253b7209100650b5afaeb,501e22e48df13d5a5b2b85a08c6d2ca9,42
09d46e3d7a8253b7209100650b5afaeb,770d24797fbad8f1bddd585ef8297e2b,2
09d46e3d7a8253b7209100650b5afaeb,f79a2b5e6190ac3c534645e806f1b611,30
09d46e3d7a8253b7209100650b5afaeb,8c95d54ad5593f5c4fc5015dcded3b55,110
09d46e3d7a8253b7209100650b5afaeb,6f63b8522b79b45c4b88cf0129161f01,30
09d46e3d7a8253b7209100650b5afaeb,021dabc5d7a1404ec8ad34fe8ca4b5e3,61
09d46e3d7a8253b7209100650b5afaeb,4d371dbb9d07b0a451e6a253244d3079,35
09d46e3d7a8253b7209100650b5afaeb,fa59d02355adde510fbf3dd7a0b0930d,117
09d46e3d7a8253b7209100650b5afaeb,cc6c4b67ac08f33590e75e9474122fc4,129
09d46e3d7a8253b7209100650b5afaeb,79af15b6a2238e81cd52b99490ed2709,96
09d46e3d7a8253b7209100650b5afaeb,93130c3cfa0d9d9a7635a085c3be99a1,10
09d46e3d7a8253b7209100650b5afaeb,be9b1397bcb9fb9104edd23670988cda,27
09d46e3d7a8253b7209100650b5afaeb,7afc3cf0c2557f13e927da9ab03725dc,27
09d46e3d7a8253b7209100650b5afaeb,66c69301f757e48e6b780927b5a55e11,0
09d46e3d7a8253b7209100650b5afaeb,3cc886aecaeb231f093c5bdded29d2dd,0
09d46e3d7a8253b7209100650b5afaeb,4f4e47023263931e1445dc97f7dae941,22
13ced855d491384876c6ab807bd1d3db,cc7946cd2fd5f9d5c15247fbdddce8f3,75
13ced855d491384876c6ab807bd1d3db,394e78a51b6d2fd3c046f11f49fcab57,62
13ced855d491384876c6ab807bd1d3db,03de9006db92bdee3030980760dcbcf5,116
13ced855d491384876c6ab807bd1d3db,646b0273682c1592a938bbfb21332ded,62
13ced855d491384876c6ab807bd1d3db,ca8e2e9b58c57efe6c919dcbb53ee86c,105
13ced855d491384876c6ab807bd1d3db,98657a73f988f7c0824a16fd368bfa62,26
13ced855d491384876c6ab807bd1d3db,d8e4f0fd2e836518e681c99a3f9e4411,119
13ced855d491384876c6ab807bd1d3db,1a8dfc8c85278dd28ed7985e40fc6018,88
13ced855d491384876c6ab807bd1d3db,74f677b5efa87503eead993dfa30ca27,107
13ced855d491384876c6ab807bd1d3db,1532445b96ca1edd411bfae064b189bb,98
13ced855d491384876c6ab807bd1d3db,d5701055e262ef5bd9f3fa6e11014327,107
13ced855d491384876c6ab807bd1d3db,762b12c3cb57fad4b882040b3293fa31,72
13ced855d491384876c6ab807bd1d3db,1c73194e0fa711701298e4a27b046bab,14
13ced855d491384876c6ab807bd1d3db,881f83d2dee3f18c7d1751659406144e,64
13ced855d491384876c6ab807bd1d3db,12327e4171bb9715104ea70c722869ea,55
13ced855d491384876c6ab807bd1d3db,dcb6b241fcbbd838bc3437c8e1fc4ccb,53
13ced855d491384876c6ab807bd1d3db,9e0ccb212abed9880097869dbfb903c5,26
13ced855d491384876c6ab807bd1d3db,15dbf00f25f3f2d86cde4775018d44b5,6
13ced855d491384876c6ab807bd1d3db,1a48480fc3370082483f158f10948bba,90
13ced855d491384876c6ab807bd1d3db,3056d865481cd5919672eb92e1f8b53f,47
15d76177caa6022156e83774c2e054d4,d4777cb3468137b35f7e80b7434bec27,102
15d76177caa6022156e83774c2e054d5,0beb157ecf02b2c67048597bb3c514b5,102
15d76177caa6022156e83774c2e054d6,b67e5a2e593be71fe871d7d511f0ab55,61
15d76177caa6022156e83774c2e054d7,d74c692dc5f817e5d6598338b24e1035,155
15d76177caa6022156e83774c2e054d8,501e22e48df13d5a5b2b85a08c6d2ca9,66
15d76177caa6022156e83774c2e054d9,b02d6090eb1155aab0614815c9f9ad73,113
15d76177caa6022156e83774c2e054d10,6284f9ad059fd7910f24ab69df891760,189
15d76177caa6022156e83774c2e054d11,78b2c63af827b482d7e3ffa096f4fbd2,99
15d76177caa6022156e83774c2e054d12,3f67235a5607746cc215eee5dd447a5e,108
15d76177caa6022156e83774c2e054d13,e5e2fb66fc3e8ee0edf076e60d343031,142
15d76177caa6022156e83774c2e054d14,f74cedcf99a3aabc222398db7499bac1,118
15d76177caa6022156e83774c2e054d15,fa59d02355adde510fbf3dd7a0b0930d,102
15d76177caa6022156e83774c2e054d16,cc6c4b67ac08f33590e75e9474122fc4,102
15d76177caa6022156e83774c2e054d17,6de0ac647d194bdcfc0854c7ad51c44e,91
15d76177caa6022156e83774c2e054d18,17c5b4a9be5e0fa567d3d38ca65e4005,77
15d76177caa6022156e83774c2e054d19,93130c3cfa0d9d9a7635a085c3be99a1,89
15d76177caa6022156e83774c2e054d20,321fe275d1d66f05c5014fd97e870834,80
15d76177caa6022156e83774c2e054d21,66c69301f757e48e6b780927b5a55e11,26
15d76177caa6022156e83774c2e054d22,3cc886aecaeb231f093c5bdded29d2dd,0
1eab6189ad9ab246c197575a8c4eebe6,770d24797fbad8f1bddd585ef8297e2b,106
1eab6189ad9ab246c197575a8c4eebe7,c5a353e301078ea1cb4e8bc8fede12e9,95
1eab6189ad9ab246c197575a8c4eebe8,501e22e48df13d5a5b2b85a08c6d2ca9,73
1eab6189ad9ab246c197575a8c4eebe9,b02d6090eb1155aab0614815c9f9ad73,123
1eab6189ad9ab246c197575a8c4eebe10,d29058993b5746d37d0fd5348c5018e2,67
1eab6189ad9ab246c197575a8c4eebe11,3f67235a5607746cc215eee5dd447a5e,83
1eab6189ad9ab246c197575a8c4eebe12,9205d55e83f96be2290f1e8849e9f062,53
1eab6189ad9ab246c197575a8c4eebe13,6284f9ad059fd7910f24ab69df891760,141
1eab6189ad9ab246c197575a8c4eebe14,3637dae74ec0bcaa39275df5ef7bea71,87
1eab6189ad9ab246c197575a8c4eebe15,fcca0a6b42249d73d83db4651c1c1c91,64
1eab6189ad9ab246c197575a8c4eebe16,58a634d96007527e1989120fe42d1072,98
1eab6189ad9ab246c197575a8c4eebe17,d60757b977513c3d88aad57e520cd3f3,97
1eab6189ad9ab246c197575a8c4eebe18,7c1c2ad6f3088c952dffd0335bb3af9b,26
1eab6189ad9ab246c197575a8c4eebe19,cc6c4b67ac08f33590e75e9474122fc4,101
1eab6189ad9ab246c197575a8c4eebe20,3cc886aecaeb231f093c5bdded29d2dd,48
1eab6189ad9ab246c197575a8c4eebe21,79af15b6a2238e81cd52b99490ed2709,122
1eab6189ad9ab246c197575a8c4eebe22,cc770adb9f49dec34c5f80808fdfd418,49
1eab6189ad9ab246c197575a8c4eebe23,66c69301f757e48e6b780927b5a55e11,25
1eab6189ad9ab246c197575a8c4eebe24,93130c3cfa0d9d9a7635a085c3be99a1,21
1eab6189ad9ab246c197575a8c4eebe25,abbf4d36fe2ae588a1d096b0a88aa0c9,0
1eab6189ad9ab246c197575a8c4eebe26,0b0dfe077fd547134c4b631cc7008465,39
1f9e3cb05c031986cf8bc7c0a84cc518,57ed4bb35e7cef3fc5f579bd119ceeca,116
1f9e3cb05c031986cf8bc7c0a84cc519,c6199433c79a95a34133f86971a148b1,45
1f9e3cb05c031986cf8bc7c0a84cc520,9f5b1af88e7d95ccb819e311d22fc1d9,113
1f9e3cb05c031986cf8bc7c0a84cc521,bb78908ffd321b2e0709b9b462786360,109
1f9e3cb05c031986cf8bc7c0a84cc522,e0dffa2151192e79ffe8fb354c90ee27,152
1f9e3cb05c031986cf8bc7c0a84cc523,b90945b4a95bfc10ffc239ec4eac211d,114
1f9e3cb05c031986cf8bc7c0a84cc524,c6a9f7baaf3b88105816cf658c0cf7e8,121
1f9e3cb05c031986cf8bc7c0a84cc525,bd20bf656b42bc62dbff50057d2b229a,152
1f9e3cb05c031986cf8bc7c0a84cc526,9d54ec2880190738ff0b490850aa21ef,31
1f9e3cb05c031986cf8bc7c0a84cc527,6747ed60ebf43c90d3329c9d744662cb,123
1f9e3cb05c031986cf8bc7c0a84cc528,4341f809d409ac17565852620cf80cbd,104
1f9e3cb05c031986cf8bc7c0a84cc529,2f1121d01dbff3e3dd6f17841dd34120,120
1f9e3cb05c031986cf8bc7c0a84cc530,70f7e0aad42e27aacb7490d349a4b233,116
1f9e3cb05c031986cf8bc7c0a84cc531,9ddd4ed866679ee1020a2c8c426b222a,73
1f9e3cb05c031986cf8bc7c0a84cc532,ff9ea417d5345bb5e4e6ec152ae2358f,49
1f9e3cb05c031986cf8bc7c0a84cc533,173f319db1edc802bf85ecff4a759d8c,33
1f9e3cb05c031986cf8bc7c0a84cc534,2bff96fb00704f4d84b67d3ec95db8fd,-2
1f9e3cb05c031986cf8bc7c0a84cc535,73be785a9fbca2eff767fbce1c398d66,19
1f9e3cb05c031986cf8bc7c0a84cc536,011ffbd69cd25a2324c720b64f31712a,14
1f9e3cb05c031986cf8bc7c0a84cc537,e96dc78c444bead3a3e7d169f2fa6e07,1
1f9e3cb05c031986cf8bc7c0a84cc538,d39a4c1fa31258c322488a7329674adc,46
1f9e3cb05c031986cf8bc7c0a84cc539,8855d25a0461a5ed487d0dbc7ad6c73b,46
1f9e3cb05c031986cf8bc7c0a84cc540,35ca3467b0fbb6a737c25f3f4ca5b2a8,46
1f9e3cb05c031986cf8bc7c0a84cc541,cbc1063c3b1731493f5de7dcd822a193,0
1f9e3cb05c031986cf8bc7c0a84cc542,c149a245aa42a54348d9f4534c182e22,24
1f9e3cb05c031986cf8bc7c0a84cc543,89c04f26448f309cd55b487b0722bdad,27
2bf4ac0ed9ac1aee8767134d62b34dfe,f2e41e7ce25aff54b85ee5ab66f69187,101
2bf4ac0ed9ac1aee8767134d62b34dfe,4a34b108d006b92660ec7593dde29e0d,44
2bf4ac0ed9ac1aee8767134d62b34dfe,1b335cd14d37addc486b357c3b58db27,83
2bf4ac0ed9ac1aee8767134d62b34dfe,4eff0c7b3c32f68bfece327044b47b49,42
2bf4ac0ed9ac1aee8767134d62b34dfe,67f4ecb2bff373b7f14f59bdf87b47c6,106
2bf4ac0ed9ac1aee8767134d62b34dfe,c2502dbdbdc5273bac8daa884e3ff63a,101
2bf4ac0ed9ac1aee8767134d62b34dfe,52af793d0eeef92b05ce0d6b01cf2542,21
2bf4ac0ed9ac1aee8767134d62b34dfe,73cae0c04831cfb8dd47d5f41faf277f,101
2bf4ac0ed9ac1aee8767134d62b34dfe,ad6a98bfd42a5a831a1a3401eaf96785,82
2bf4ac0ed9ac1aee8767134d62b34dfe,30f38d775cff2a96532ccc7c5e48c48b,61
2bf4ac0ed9ac1aee8767134d62b34dfe,b2ba11f9de4921e8eee910b7c9d5404f,97
2bf4ac0ed9ac1aee8767134d62b34dfe,0f02d616e027988803324c84e8951a0e,32
2bf4ac0ed9ac1aee8767134d62b34dfe,36d0e99d34dfb110a853cd2892065234,75
2bf4ac0ed9ac1aee8767134d62b34dfe,ffaf641f9379f76a57f15bab1e788e6d,21
2bf4ac0ed9ac1aee8767134d62b34dfe,64434221db9ba319f8d13632f1c2ad32,34
2bf4ac0ed9ac1aee8767134d62b34dfe,50dd3829e418e0c92efe29566f288942,0
2bf4ac0ed9ac1aee8767134d62b34dfe,926af53b4f0e8e7afd53aa2a4c46895d,24
2bf4ac0ed9ac1aee8767134d62b34dfe,53502b8d547e58de75cb1622f66cae09,53
2bf4ac0ed9ac1aee8767134d62b34dfe,404f3be24b921150227c13f766e084cf,2
2bf4ac0ed9ac1aee8767134d62b34dfe,05c7b48e2ce68df138826699856fe6a5,58
2bf4ac0ed9ac1aee8767134d62b34dfe,84ac56c52db6b4f6ff54fa19fa46ea26,0
2bf4ac0ed9ac1aee8767134d62b34dfe,508d962863dc09f49884cdd9a53d804a,6
2bf4ac0ed9ac1aee8767134d62b34dfe,6a20279d61d8be94ea457bb5f6fe077a,-2
2bf4ac0ed9ac1aee8767134d62b34dfe,862015a22d1dd86103d865691dab92f0,-2
2faabfa663f4dfb9ed83a1482088e093,c493d9929037f011bcb3ff8a2e468c6a,109
2faabfa663f4dfb9ed83a1482088e094,039bd19014e6cfcf867f442aa412ad6a,98
2faabfa663f4dfb9ed83a1482088e095,293f2b24a7c44b0d65cd9ac09b680ffc,18
2faabfa663f4dfb9ed83a1482088e096,522a32a0442e32bce9aba28ac7ba327b,69
2faabfa663f4dfb9ed83a1482088e097,16f7d070421f93ae177d8adf1bc0edf2,106
2faabfa663f4dfb9ed83a1482088e098,466ef3d80ec02640eeecea72e08ad8c6,37
2faabfa663f4dfb9ed83a1482088e099,b07ed3ce0e4991320064795011f02d4d,87
2faabfa663f4dfb9ed83a1482088e100,2f04dbbabeefc1447ca06ae228d8b42c,72
2faabfa663f4dfb9ed83a1482088e101,38165bacb00c27108cc23681972ee9ab,74
2faabfa663f4dfb9ed83a1482088e102,7021635e4c42453f92b82fe89cfffa35,104
2faabfa663f4dfb9ed83a1482088e103,14629670f976c0320bd2085956d073e1,55
2faabfa663f4dfb9ed83a1482088e104,d3e3ae70ac393f24335f922cdeec1b1a,84
2faabfa663f4dfb9ed83a1482088e105,4d64187a5343a51197a799982a97d173,1
2faabfa663f4dfb9ed83a1482088e106,53e6c98d995191bfb806c5a7cf93db05,33
2faabfa663f4dfb9ed83a1482088e107,aa062d0d43fb0f311e962c085e1fb744,68
2faabfa663f4dfb9ed83a1482088e108,a555fb30be57b11cdfbffa3654ba9f83,33
2faabfa663f4dfb9ed83a1482088e109,cdb159e491966787f661d65f4d997fe8,71
2faabfa663f4dfb9ed83a1482088e110,4b095e823bb1b4857a50d41a511930d4,99
2faabfa663f4dfb9ed83a1482088e111,a21d7d83ae1fb9bc438e87b06072efbb,-3
2faabfa663f4dfb9ed83a1482088e112,38f5dec297d58ecae62c8a9549004520,0
2faabfa663f4dfb9ed83a1482088e113,1e0949f9de690dc085cd487fba834d4e,27
3152e9c330ce200cc189ae64ebdf41fc,f666125388be8d19b945f07d44610948,74
3152e9c330ce200cc189ae64ebdf41fc,0b0922346df190dd8f900c44c1fae592,132
3152e9c330ce200cc189ae64ebdf41fc,249de90677348e56e1f8c68e67edd04f,22
3152e9c330ce200cc189ae64ebdf41fc,a1b3d414dba333bb2413b054b8460c07,82
3152e9c330ce200cc189ae64ebdf41fc,2f47647508381809be04b091b6ca7784,73
3152e9c330ce200cc189ae64ebdf41fc,f186747d3ece1e28b37719c9da06d18f,71
3152e9c330ce200cc189ae64ebdf41fc,978f65d65974dcaaea595daaa1b35a2a,133
3152e9c330ce200cc189ae64ebdf41fc,6601540cadf11d946589194c685da2bf,53
3152e9c330ce200cc189ae64ebdf41fc,5e6c9c4441186264607c60fcc533574c,67
3152e9c330ce200cc189ae64ebdf41fc,4121c3bfb44f9d3a3151b212f31e7e04,59
3152e9c330ce200cc189ae64ebdf41fc,317a4d61e1dd679f93b3628f3e35e0d0,94
3152e9c330ce200cc189ae64ebdf41fc,d5f8cba7dd4e0eaf23240e6eb5540d92,61
3152e9c330ce200cc189ae64ebdf41fc,74c4ae2b904d732ede2f08765d27deea,52
3152e9c330ce200cc189ae64ebdf41fc,601a72cc4a6a409c9463e1a59a01fa29,83
3152e9c330ce200cc189ae64ebdf41fc,5cfae6b3803440cb1d87ceead6aad4eb,74
3152e9c330ce200cc189ae64ebdf41fc,928d7057f3a2b03d6e1574c5a55d0a54,54
3152e9c330ce200cc189ae64ebdf41fc,7f4090b5116c7fb52170667f3a30d2c6,18
3152e9c330ce200cc189ae64ebdf41fc,74830bfa36f9e2005b3b6beb635e80f5,40
3152e9c330ce200cc189ae64ebdf41fc,92dcab554aa5587162253437a4e485c6,12
3152e9c330ce200cc189ae64ebdf41fc,926af53b4f0e8e7afd53aa2a4c46895d,17
3152e9c330ce200cc189ae64ebdf41fc,1661bd9c6b04cf1cc9aa15decef3c294,0
3152e9c330ce200cc189ae64ebdf41fc,b02cb81d61deed54a139afa5b0181d82,0
33f631fec90cc1f08bb16cff5ed52f9b,7456d0c6cf404d5d6321c7332391f09a,76
33f631fec90cc1f08bb16cff5ed52f9b,38165bacb00c27108cc23681972ee9ab,66
33f631fec90cc1f08bb16cff5ed52f9b,5e0158b93a72b41987eec3429fb2038f,32
33f631fec90cc1f08bb16cff5ed52f9b,b07ed3ce0e4991320064795011f02d4d,95
33f631fec90cc1f08bb16cff5ed52f9b,6f223e85f3b3c72a7ce29a142767e806,92
33f631fec90cc1f08bb16cff5ed52f9b,91a259d73f01cc44ea00b70444bdac89,99
33f631fec90cc1f08bb16cff5ed52f9b,5f6c28ea1939903f51fbff12de4aa7c2,81
33f631fec90cc1f08bb16cff5ed52f9b,0f79f5ac1d01d9639c74a0cce4a8c7b3,99
33f631fec90cc1f08bb16cff5ed52f9b,7021635e4c42453f92b82fe89cfffa35,106
33f631fec90cc1f08bb16cff5ed52f9b,c493d9929037f011bcb3ff8a2e468c6a,49
33f631fec90cc1f08bb16cff5ed52f9b,a21d7d83ae1fb9bc438e87b06072efbb,43
33f631fec90cc1f08bb16cff5ed52f9b,f2f904a986118f6e2e67da38c64ffe81,84
33f631fec90cc1f08bb16cff5ed52f9b,c5c6264e03c7fb09cb1cc56249900c17,71
33f631fec90cc1f08bb16cff5ed52f9b,9cdb7fcbb36cb039e63ea8074df32a81,116
33f631fec90cc1f08bb16cff5ed52f9b,293f2b24a7c44b0d65cd9ac09b680ffc,39
33f631fec90cc1f08bb16cff5ed52f9b,6d8221ca1af17d191a7a0bdc27ce61aa,44
33f631fec90cc1f08bb16cff5ed52f9b,4b095e823bb1b4857a50d41a511930d4,32
33f631fec90cc1f08bb16cff5ed52f9b,91d86c8bc25e3813bbae2f4e6c70753a,20
345f285f7c654bf7a03e940a9bc923c4,1f8e6e61eb13aa30f5384a7e6716ec19,85
345f285f7c654bf7a03e940a9bc923c5,056755eee40e0ae3ce0cebd5b9053a3c,57
345f285f7c654bf7a03e940a9bc923c6,c014e84aa77975fc1c2744e6b9f3270e,88
345f285f7c654bf7a03e940a9bc923c7,4eff0c7b3c32f68bfece327044b47b49,43
345f285f7c654bf7a03e940a9bc923c8,73cae0c04831cfb8dd47d5f41faf277f,68
345f285f7c654bf7a03e940a9bc923c9,4a34b108d006b92660ec7593dde29e0d,16
345f285f7c654bf7a03e940a9bc923c10,fd8b5b53146b42edda07a15e27051bca,87
345f285f7c654bf7a03e940a9bc923c11,23d30ea674e3a1374d4ea788452ad6bb,29
345f285f7c654bf7a03e940a9bc923c12,52af793d0eeef92b05ce0d6b01cf2542,24
345f285f7c654bf7a03e940a9bc923c13,59f29037d9dc9165fb360b9b3612d919,116
345f285f7c654bf7a03e940a9bc923c14,fd3a01d2c35cb46d49e9b2fe6fefea69,60
345f285f7c654bf7a03e940a9bc923c15,7ed981d8ac6a49c95a4387973bd1ba42,92
345f285f7c654bf7a03e940a9bc923c16,ed343691d2b2712df2037aa5c1a0f9ab,51
345f285f7c654bf7a03e940a9bc923c17,30f38d775cff2a96532ccc7c5e48c48b,30
345f285f7c654bf7a03e940a9bc923c18,0f02d616e027988803324c84e8951a0e,68
345f285f7c654bf7a03e940a9bc923c19,36d0e99d34dfb110a853cd2892065234,64
345f285f7c654bf7a03e940a9bc923c20,ad6a98bfd42a5a831a1a3401eaf96785,76
345f285f7c654bf7a03e940a9bc923c21,05c7b48e2ce68df138826699856fe6a5,43
345f285f7c654bf7a03e940a9bc923c22,f6d83f1f77d73b0146900666f34e9f01,80
345f285f7c654bf7a03e940a9bc923c23,8628c4223c91b8f171a7f25e9bbd866b,36
345f285f7c654bf7a03e940a9bc923c24,6a20279d61d8be94ea457bb5f6fe077a,49
345f285f7c654bf7a03e940a9bc923c25,27dad82447628aaa7e5a3ade0259bda7,24
345f285f7c654bf7a03e940a9bc923c26,53502b8d547e58de75cb1622f66cae09,0
345f285f7c654bf7a03e940a9bc923c27,677378538fa929f6c5568cafa2914c83,18
345f285f7c654bf7a03e940a9bc923c28,862015a22d1dd86103d865691dab92f0,16
345f285f7c654bf7a03e940a9bc923c29,1a1e3356af50591d6d13df1f919288c5,18
3b753670a0d0df2c35c7ce2e0bc94e6c,cc2c9a0eec200fae9bebb80d56d93b8c,43
3b753670a0d0df2c35c7ce2e0bc94e6c,a07fb375dddea9eb7ca13848b9941daf,60
3b753670a0d0df2c35c7ce2e0bc94e6c,2589603a6d7a0aaeb9112f8ee416cebe,4
3b753670a0d0df2c35c7ce2e0bc94e6c,ea16528886a6058e0d8133e78bec598e,102
3b753670a0d0df2c35c7ce2e0bc94e6c,0a7ae25da315e35e903233b4bb2252da,78
3b753670a0d0df2c35c7ce2e0bc94e6c,048d36fcccd8d3c22d26e353ed176604,111
3b753670a0d0df2c35c7ce2e0bc94e6c,6ca1613533eb84c8e5a99f443e9b5cde,87
3b753670a0d0df2c35c7ce2e0bc94e6c,34c6c550fe96c36bdf86c24a0488fffc,6
3b753670a0d0df2c35c7ce2e0bc94e6c,335ab92f9ddc2954a236a5aaac332ba7,102
3b753670a0d0df2c35c7ce2e0bc94e6c,28cb486490a46a6228131b482be79bba,46
3b753670a0d0df2c35c7ce2e0bc94e6c,852c9de6c917694981f071bc5eb58326,64
3b753670a0d0df2c35c7ce2e0bc94e6c,b288a5a2a8615f37ae77f3ce71f061e8,59
3b753670a0d0df2c35c7ce2e0bc94e6c,dfc487cf688d18f2a848bbf05e7a9f47,117
3b753670a0d0df2c35c7ce2e0bc94e6c,c5f7286d166ca7f627e83c354c8e4f2a,44
3b753670a0d0df2c35c7ce2e0bc94e6c,515b44596849db9f6f2b360c576398fc,54
3b753670a0d0df2c35c7ce2e0bc94e6c,395b23ca47bf87d3370feaecbbc11676,28
3b753670a0d0df2c35c7ce2e0bc94e6c,9cdb7fcbb36cb039e63ea8074df32a81,63
3b753670a0d0df2c35c7ce2e0bc94e6c,66c0552461f4db5611a978058e90b8b4,-2
3b753670a0d0df2c35c7ce2e0bc94e6c,c3e7c28936c338dfd5131e63d2ad626a,70
3b753670a0d0df2c35c7ce2e0bc94e6c,963242c7a25ba9a70b245f482e960e75,6
3b753670a0d0df2c35c7ce2e0bc94e6c,3d9bcb1390d5efea6bbce4aac0952178,0
56ccfaf0adead6f4c7236a01ca0cfbdc,f5f1164263044fc2ee91242daa221045,63
56ccfaf0adead6f4c7236a01ca0cfbdc,387d067091bd3a9264576ddb74759f5f,136
56ccfaf0adead6f4c7236a01ca0cfbdc,171fe637accecc29979e5408595de077,58
56ccfaf0adead6f4c7236a01ca0cfbdc,1e5a19729df6e4496686d9356be411ca,112
56ccfaf0adead6f4c7236a01ca0cfbdc,3d6fa00462bffd51ce5cf6612ec9026a,58
56ccfaf0adead6f4c7236a01ca0cfbdc,2b8bdfc64f41d1adefabcf7e0667a618,124
56ccfaf0adead6f4c7236a01ca0cfbdc,17651fd844ca9177694e0fe8e13ade03,108
56ccfaf0adead6f4c7236a01ca0cfbdc,5fe2b12999c5b4a17dba17cb76b0cfbc,68
56ccfaf0adead6f4c7236a01ca0cfbdc,e546fc654970cfc01f73c0d73250e97b,27
56ccfaf0adead6f4c7236a01ca0cfbdc,a82c2c880ccf01c25e5ffa252551a612,37
56ccfaf0adead6f4c7236a01ca0cfbdc,43a74f78a8e39c7fb0ad193fb24f52ba,126
56ccfaf0adead6f4c7236a01ca0cfbdc,e688b1a601a44fb2ac79c58bf6c89e8b,112
56ccfaf0adead6f4c7236a01ca0cfbdc,085beb037fb1e12196085f66c9761cd4,6
56ccfaf0adead6f4c7236a01ca0cfbdc,5b82a306c99fa6afb74114ad40c19c94,60
56ccfaf0adead6f4c7236a01ca0cfbdc,6becc2cf336cee342d817b90d632ae14,50
56ccfaf0adead6f4c7236a01ca0cfbdc,6928f97f25cd10ae4343eb4aedcd1c93,60
56ccfaf0adead6f4c7236a01ca0cfbdc,257b19b06545dcb0a4eb3a01d7952eed,52
56ccfaf0adead6f4c7236a01ca0cfbdc,4d371dbb9d07b0a451e6a253244d3079,75
56ccfaf0adead6f4c7236a01ca0cfbdc,cc770adb9f49dec34c5f80808fdfd418,38
56ccfaf0adead6f4c7236a01ca0cfbdc,52f149c66e930e899eb96964f0e9d78b,49
56ccfaf0adead6f4c7236a01ca0cfbdc,100cf64c65b01e459c9fdda0f8b75061,0
56ccfaf0adead6f4c7236a01ca0cfbdc,64b5b3b574055d3d0e71c4c9b5f48498,28
56ccfaf0adead6f4c7236a01ca0cfbdc,efccee5aa58785e3778eb8d773dfa791,13
56ccfaf0adead6f4c7236a01ca0cfbdc,58a634d96007527e1989120fe42d1072,1
56ccfaf0adead6f4c7236a01ca0cfbdc,ab1aaee5e4a6d0121e58866080be4ca8,2
598a55c8bf052d039d0fb4ff1a62f98a,501e22e48df13d5a5b2b85a08c6d2ca9,103
598a55c8bf052d039d0fb4ff1a62f98a,d74c692dc5f817e5d6598338b24e1035,158
598a55c8bf052d039d0fb4ff1a62f98a,7e0fe3d0e532a5786e2eec9b5d1bedc6,56
598a55c8bf052d039d0fb4ff1a62f98a,0c2d9d598f919d635d1f230ea475ef04,18
598a55c8bf052d039d0fb4ff1a62f98a,3f67235a5607746cc215eee5dd447a5e,59
598a55c8bf052d039d0fb4ff1a62f98a,6284f9ad059fd7910f24ab69df891760,242
598a55c8bf052d039d0fb4ff1a62f98a,83276e13d34f364faa3a24cecec245e1,75
598a55c8bf052d039d0fb4ff1a62f98a,3637dae74ec0bcaa39275df5ef7bea71,47
598a55c8bf052d039d0fb4ff1a62f98a,0b0dfe077fd547134c4b631cc7008465,47
598a55c8bf052d039d0fb4ff1a62f98a,b02d6090eb1155aab0614815c9f9ad73,142
598a55c8bf052d039d0fb4ff1a62f98a,461d33b042b3c349d69980f89e06f582,51
598a55c8bf052d039d0fb4ff1a62f98a,7c1c2ad6f3088c952dffd0335bb3af9b,19
598a55c8bf052d039d0fb4ff1a62f98a,fa59d02355adde510fbf3dd7a0b0930d,122
598a55c8bf052d039d0fb4ff1a62f98a,d29058993b5746d37d0fd5348c5018e2,76
598a55c8bf052d039d0fb4ff1a62f98a,e6d3fc584789b9b914791ec969a8d5a4,65
598a55c8bf052d039d0fb4ff1a62f98a,c5a353e301078ea1cb4e8bc8fede12e9,98
598a55c8bf052d039d0fb4ff1a62f98a,cc6c4b67ac08f33590e75e9474122fc4,54
598a55c8bf052d039d0fb4ff1a62f98a,79af15b6a2238e81cd52b99490ed2709,71
598a55c8bf052d039d0fb4ff1a62f98a,66c69301f757e48e6b780927b5a55e11,34
598a55c8bf052d039d0fb4ff1a62f98a,93130c3cfa0d9d9a7635a085c3be99a1,26
598a55c8bf052d039d0fb4ff1a62f98a,fcca0a6b42249d73d83db4651c1c1c91,86
598a55c8bf052d039d0fb4ff1a62f98a,3cc886aecaeb231f093c5bdded29d2dd,0
598a55c8bf052d039d0fb4ff1a62f98a,061db8cbef53aa3743c9f53cb392c1bc,83
598a55c8bf052d039d0fb4ff1a62f98a,4c7117e85936b9b1c9c436394c9cdd0e,0
598a55c8bf052d039d0fb4ff1a62f98a,6b6a2da75825a3f756d32b57a6267460,41
7fad2269ee0d11ae5069ff23ecb25914,3d6fa00462bffd51ce5cf6612ec9026a,109
7fad2269ee0d11ae5069ff23ecb25915,64b5b3b574055d3d0e71c4c9b5f48498,97
7fad2269ee0d11ae5069ff23ecb25916,f186747d3ece1e28b37719c9da06d18f,119
7fad2269ee0d11ae5069ff23ecb25917,f666125388be8d19b945f07d44610948,117
7fad2269ee0d11ae5069ff23ecb25918,6601540cadf11d946589194c685da2bf,126
7fad2269ee0d11ae5069ff23ecb25919,0b0922346df190dd8f900c44c1fae592,144
7fad2269ee0d11ae5069ff23ecb25920,5b82a306c99fa6afb74114ad40c19c94,97
7fad2269ee0d11ae5069ff23ecb25921,a1b3d414dba333bb2413b054b8460c07,126
7fad2269ee0d11ae5069ff23ecb25922,0b9f9787580f7ca0dbba7a0eb39b1c4d,120
7fad2269ee0d11ae5069ff23ecb25923,fa5ca757de7c6c5ec97900bcabbc146e,94
7fad2269ee0d11ae5069ff23ecb25924,100cf64c65b01e459c9fdda0f8b75061,99
7fad2269ee0d11ae5069ff23ecb25925,02c4c706481eedebb00f53520176f60e,68
7fad2269ee0d11ae5069ff23ecb25926,601a72cc4a6a409c9463e1a59a01fa29,75
7fad2269ee0d11ae5069ff23ecb25927,d5f8cba7dd4e0eaf23240e6eb5540d92,60
7fad2269ee0d11ae5069ff23ecb25928,7f4090b5116c7fb52170667f3a30d2c6,46
7fad2269ee0d11ae5069ff23ecb25929,1661bd9c6b04cf1cc9aa15decef3c294,18
7fad2269ee0d11ae5069ff23ecb25930,8ac430587c75579c9d99eba78169afdc,4
7fad2269ee0d11ae5069ff23ecb25931,6bd1756435a0433f9e007e173c78a407,2
87d1574f478f37d13789284b96b4f6cb,2f47647508381809be04b091b6ca7784,52
87d1574f478f37d13789284b96b4f6cb,5e6c9c4441186264607c60fcc533574c,63
87d1574f478f37d13789284b96b4f6cb,317a4d61e1dd679f93b3628f3e35e0d0,97
87d1574f478f37d13789284b96b4f6cb,314c71574689f752c17b83cd6a4d770e,23
87d1574f478f37d13789284b96b4f6cb,978f65d65974dcaaea595daaa1b35a2a,135
87d1574f478f37d13789284b96b4f6cb,9b85cb9662c0d65b722d77aea12f3f13,69
87d1574f478f37d13789284b96b4f6cb,f1b33b117f9ae58f140d9581c329452a,51
87d1574f478f37d13789284b96b4f6cb,6bf40f9c2b640febc71d1393fb24d894,19
87d1574f478f37d13789284b96b4f6cb,a99f44bbff39e352191a870e17f04537,76
87d1574f478f37d13789284b96b4f6cb,cec898a1d355dbfbad8c760615fde1af,11
87d1574f478f37d13789284b96b4f6cb,881f83d2dee3f18c7d1751659406144e,54
87d1574f478f37d13789284b96b4f6cb,8669ba66385e8896db72f69bf95d7ca9,37
87d1574f478f37d13789284b96b4f6cb,b2fada91a0c8a0f400623c425286ae2e,61
87d1574f478f37d13789284b96b4f6cb,5cfae6b3803440cb1d87ceead6aad4eb,102
87d1574f478f37d13789284b96b4f6cb,90329ef6783257720e881642b13afcf1,75
87d1574f478f37d13789284b96b4f6cb,5234e98b6206eb09c43f8cf19ae9d6ef,92
87d1574f478f37d13789284b96b4f6cb,2d9594e4d250679e7a3383ad5ccd2f44,88
87d1574f478f37d13789284b96b4f6cb,928d7057f3a2b03d6e1574c5a55d0a54,38
87d1574f478f37d13789284b96b4f6cb,4121c3bfb44f9d3a3151b212f31e7e04,48
87d1574f478f37d13789284b96b4f6cb,2b313e2bcef0268bc8e9415132ba9997,35
87d1574f478f37d13789284b96b4f6cb,1362d9ad805e7cc4ea3a9467c91142d6,28
87d1574f478f37d13789284b96b4f6cb,249de90677348e56e1f8c68e67edd04f,-1
87d1574f478f37d13789284b96b4f6cb,74830bfa36f9e2005b3b6beb635e80f5,-1
87d1574f478f37d13789284b96b4f6cb,2a3cecf791ee8e19a105d8ff8a3296ef,-3
88012a99d7fd1c169e2360aa5cdf8bfa,ff9ea417d5345bb5e4e6ec152ae2358f,87
88012a99d7fd1c169e2360aa5cdf8bfa,9d54ec2880190738ff0b490850aa21ef,64
88012a99d7fd1c169e2360aa5cdf8bfa,efa17727bd73df9be0622d56ec5e7f15,80
88012a99d7fd1c169e2360aa5cdf8bfa,0f79f5ac1d01d9639c74a0cce4a8c7b3,96
88012a99d7fd1c169e2360aa5cdf8bfa,6747ed60ebf43c90d3329c9d744662cb,86
88012a99d7fd1c169e2360aa5cdf8bfa,5f6c28ea1939903f51fbff12de4aa7c2,34
88012a99d7fd1c169e2360aa5cdf8bfa,1f84a5c60249c938433f6398e80521ae,42
88012a99d7fd1c169e2360aa5cdf8bfa,5e0158b93a72b41987eec3429fb2038f,31
88012a99d7fd1c169e2360aa5cdf8bfa,bd24c26a700dff3c6b0812c487f621af,133
88012a99d7fd1c169e2360aa5cdf8bfa,b720c3a8a48569f1b468a00ac07c5f7f,93
88012a99d7fd1c169e2360aa5cdf8bfa,8a52b66854fe9b529941aae5668ff4aa,102
88012a99d7fd1c169e2360aa5cdf8bfa,89c04f26448f309cd55b487b0722bdad,38
88012a99d7fd1c169e2360aa5cdf8bfa,c5c6264e03c7fb09cb1cc56249900c17,84
88012a99d7fd1c169e2360aa5cdf8bfa,7456d0c6cf404d5d6321c7332391f09a,105
88012a99d7fd1c169e2360aa5cdf8bfa,35ca3467b0fbb6a737c25f3f4ca5b2a8,89
88012a99d7fd1c169e2360aa5cdf8bfa,173f319db1edc802bf85ecff4a759d8c,61
88012a99d7fd1c169e2360aa5cdf8bfa,f2f904a986118f6e2e67da38c64ffe81,104
88012a99d7fd1c169e2360aa5cdf8bfa,8744a467351282b52f1708ab0fac2e34,66
88012a99d7fd1c169e2360aa5cdf8bfa,e9ae81cd14e76a11c325b7fb42611e06,65
88012a99d7fd1c169e2360aa5cdf8bfa,6f223e85f3b3c72a7ce29a142767e806,0
896bcac9b0f35b250c9fb7a6325d8600,57ed4bb35e7cef3fc5f579bd119ceeca,132
896bcac9b0f35b250c9fb7a6325d8601,b90945b4a95bfc10ffc239ec4eac211d,42
896bcac9b0f35b250c9fb7a6325d8602,f186747d3ece1e28b37719c9da06d18f,87
896bcac9b0f35b250c9fb7a6325d8603,f666125388be8d19b945f07d44610948,80
896bcac9b0f35b250c9fb7a6325d8604,c6a9f7baaf3b88105816cf658c0cf7e8,132
896bcac9b0f35b250c9fb7a6325d8605,70f7e0aad42e27aacb7490d349a4b233,65
896bcac9b0f35b250c9fb7a6325d8606,0b0922346df190dd8f900c44c1fae592,89
896bcac9b0f35b250c9fb7a6325d8607,c6199433c79a95a34133f86971a148b1,104
896bcac9b0f35b250c9fb7a6325d8608,4341f809d409ac17565852620cf80cbd,117
896bcac9b0f35b250c9fb7a6325d8609,a1b3d414dba333bb2413b054b8460c07,90
896bcac9b0f35b250c9fb7a6325d8610,6601540cadf11d946589194c685da2bf,73
896bcac9b0f35b250c9fb7a6325d8611,601a72cc4a6a409c9463e1a59a01fa29,88
896bcac9b0f35b250c9fb7a6325d8612,2bff96fb00704f4d84b67d3ec95db8fd,81
896bcac9b0f35b250c9fb7a6325d8613,74c4ae2b904d732ede2f08765d27deea,81
896bcac9b0f35b250c9fb7a6325d8614,2f1121d01dbff3e3dd6f17841dd34120,21
896bcac9b0f35b250c9fb7a6325d8615,d5f8cba7dd4e0eaf23240e6eb5540d92,74
896bcac9b0f35b250c9fb7a6325d8616,7f4090b5116c7fb52170667f3a30d2c6,71
896bcac9b0f35b250c9fb7a6325d8617,011ffbd69cd25a2324c720b64f31712a,60
896bcac9b0f35b250c9fb7a6325d8618,1661bd9c6b04cf1cc9aa15decef3c294,45
896bcac9b0f35b250c9fb7a6325d8619,e96dc78c444bead3a3e7d169f2fa6e07,16
896bcac9b0f35b250c9fb7a6325d8620,cbc1063c3b1731493f5de7dcd822a193,0
896bcac9b0f35b250c9fb7a6325d8621,96648c3488a64f2dcfe941a70e8cdd5d,0
896bcac9b0f35b250c9fb7a6325d8622,8ac430587c75579c9d99eba78169afdc,27
896bcac9b0f35b250c9fb7a6325d8623,c149a245aa42a54348d9f4534c182e22,27
8fd2943309c7accc78b41e047e1e9394,cbd8848dea8700073ef1dbb218821339,82
8fd2943309c7accc78b41e047e1e9395,307beab25b1021a548b4a47550bc4b25,151
8fd2943309c7accc78b41e047e1e9396,25f9b9aedb2a8c72079ebd39a3ff4c8c,79
8fd2943309c7accc78b41e047e1e9397,c00264c3114d23bac482e9de50fb7d28,165
8fd2943309c7accc78b41e047e1e9398,2483495fb67054a3b6faa2c2bf8249e3,101
8fd2943309c7accc78b41e047e1e9399,27ea17a8685c4919f157e83fe9cb2d9e,118
8fd2943309c7accc78b41e047e1e9400,33963fe856a1523ff46438ba07d1d99f,30
8fd2943309c7accc78b41e047e1e9401,57bbd7e30bc694aeee9ee40c583e6811,134
8fd2943309c7accc78b41e047e1e9402,0d4f00ab57bedad897a0aecf8dfa692f,79
8fd2943309c7accc78b41e047e1e9403,603daefb2fa321f3abab289805fdcc25,69
8fd2943309c7accc78b41e047e1e9404,54585b803d43739f9a55ac96da873fbf,49
8fd2943309c7accc78b41e047e1e9405,ea16528886a6058e0d8133e78bec598e,117
8fd2943309c7accc78b41e047e1e9406,30ffeac1e06740482da5c4f0dd3454ad,57
8fd2943309c7accc78b41e047e1e9407,825e2645d764579a9917c71844043eba,58
8fd2943309c7accc78b41e047e1e9408,f974c6b5a65a034a866cd58014d6fbe3,60
8fd2943309c7accc78b41e047e1e9409,60b5f9f68ccbbf7ba3fa13a2189e2775,47
8fd2943309c7accc78b41e047e1e9410,c1fe6ed491d04e3cdf50755dff23b263,45
8fd2943309c7accc78b41e047e1e9411,435985eef272a7b0ce81ae80508e90bf,13
8fd2943309c7accc78b41e047e1e9412,8bb18fb1d0cc10c985afa823ecec6d18,0
8fd2943309c7accc78b41e047e1e9413,dd5c21b550fa5e029f561a830763acbc,2
9db75b921076b5848cba7ca36436147c,9205d55e83f96be2290f1e8849e9f062,150
9db75b921076b5848cba7ca36436147c,0468a7cae6489acd7294600e8bad8b32,136
9db75b921076b5848cba7ca36436147c,461d33b042b3c349d69980f89e06f582,105
9db75b921076b5848cba7ca36436147c,952cb62f00fbb58407f3a7cd89c3a7bf,30
9db75b921076b5848cba7ca36436147c,8bea2707e7bf04c8a3d8188b87d92c0e,105
9db75b921076b5848cba7ca36436147c,71cd93e320cd2da78733d23dae3274a0,69
9db75b921076b5848cba7ca36436147c,0c2d9d598f919d635d1f230ea475ef04,145
9db75b921076b5848cba7ca36436147c,e2d5a38e5f826708c89f2f728eade916,91
9db75b921076b5848cba7ca36436147c,1e76e7a4a5b6d17e67172710d86b6b51,27
9db75b921076b5848cba7ca36436147c,1376b4800e5b2d50ce35a57827eadcfc,38
9db75b921076b5848cba7ca36436147c,b248b1d9caa41a3562d67584c1a0b399,104
9db75b921076b5848cba7ca36436147c,6b08fc64c8d282c36e800d28eb278027,74
9db75b921076b5848cba7ca36436147c,3637dae74ec0bcaa39275df5ef7bea71,63
9db75b921076b5848cba7ca36436147c,83276e13d34f364faa3a24cecec245e1,125
9db75b921076b5848cba7ca36436147c,c5a353e301078ea1cb4e8bc8fede12e9,51
9db75b921076b5848cba7ca36436147c,d1af6080bd4b6a794ba3595dab2b1fb8,48
9db75b921076b5848cba7ca36436147c,e6d3fc584789b9b914791ec969a8d5a4,40
9db75b921076b5848cba7ca36436147c,84a4a3c70c57b7d570baca43b5423ba3,46
9db75b921076b5848cba7ca36436147c,7c1c2ad6f3088c952dffd0335bb3af9b,18
9db75b921076b5848cba7ca36436147c,fcca0a6b42249d73d83db4651c1c1c91,7
9db75b921076b5848cba7ca36436147c,00d19f69501c09d98507b48ceff105e6,37
9db75b921076b5848cba7ca36436147c,6350927cc9834a3a61e079a87de2470c,11
9dce47bc3cbabd451a9bab758ca5467f,d6bc5eb6ed54c734628cb4d237f99031,53
9dce47bc3cbabd451a9bab758ca5467f,4dda057700cc34ac57fede94ff8c0652,53
9dce47bc3cbabd451a9bab758ca5467f,cbc1063c3b1731493f5de7dcd822a193,78
9dce47bc3cbabd451a9bab758ca5467f,1376b4800e5b2d50ce35a57827eadcfc,44
9dce47bc3cbabd451a9bab758ca5467f,e2d5a38e5f826708c89f2f728eade916,97
9dce47bc3cbabd451a9bab758ca5467f,8bea2707e7bf04c8a3d8188b87d92c0e,71
9dce47bc3cbabd451a9bab758ca5467f,6b08fc64c8d282c36e800d28eb278027,65
9dce47bc3cbabd451a9bab758ca5467f,71cd93e320cd2da78733d23dae3274a0,17
9dce47bc3cbabd451a9bab758ca5467f,4341f809d409ac17565852620cf80cbd,60
9dce47bc3cbabd451a9bab758ca5467f,e96dc78c444bead3a3e7d169f2fa6e07,114
9dce47bc3cbabd451a9bab758ca5467f,e2e8d3e46399c9cfcdd591a26e81cf5f,64
9dce47bc3cbabd451a9bab758ca5467f,35ca3467b0fbb6a737c25f3f4ca5b2a8,88
9dce47bc3cbabd451a9bab758ca5467f,0328d04afb4a867fdabad5bdf2ae8ec2,76
9dce47bc3cbabd451a9bab758ca5467f,2f1121d01dbff3e3dd6f17841dd34120,70
9dce47bc3cbabd451a9bab758ca5467f,ea42a84dd3eb3284472048639ee676fd,65
9dce47bc3cbabd451a9bab758ca5467f,b248b1d9caa41a3562d67584c1a0b399,45
9dce47bc3cbabd451a9bab758ca5467f,84a4a3c70c57b7d570baca43b5423ba3,49
9dce47bc3cbabd451a9bab758ca5467f,d1af6080bd4b6a794ba3595dab2b1fb8,27
9dce47bc3cbabd451a9bab758ca5467f,d2a15fd08b7e2fce833c736710c3fd5e,54
9dce47bc3cbabd451a9bab758ca5467f,00d19f69501c09d98507b48ceff105e6,29
9dce47bc3cbabd451a9bab758ca5467f,c149a245aa42a54348d9f4534c182e22,0
9dce47bc3cbabd451a9bab758ca5467f,81e57235a0f7d2ad49e275ae41070094,8
9dce47bc3cbabd451a9bab758ca5467f,6350927cc9834a3a61e079a87de2470c,2
a109cef8327feae75c3e4885cb4c6e2d,522a32a0442e32bce9aba28ac7ba327b,116
a109cef8327feae75c3e4885cb4c6e2d,93cccaa284535f9bef1dbce1d6adfb34,127
a109cef8327feae75c3e4885cb4c6e2d,056755eee40e0ae3ce0cebd5b9053a3c,119
a109cef8327feae75c3e4885cb4c6e2d,fd3a01d2c35cb46d49e9b2fe6fefea69,72
a109cef8327feae75c3e4885cb4c6e2d,039bd19014e6cfcf867f442aa412ad6a,138
a109cef8327feae75c3e4885cb4c6e2d,7ed981d8ac6a49c95a4387973bd1ba42,109
a109cef8327feae75c3e4885cb4c6e2d,b0b5fb4a9b857c0cf63b80c1893bfef4,174
a109cef8327feae75c3e4885cb4c6e2d,f6d83f1f77d73b0146900666f34e9f01,61
a109cef8327feae75c3e4885cb4c6e2d,2f04dbbabeefc1447ca06ae228d8b42c,82
a109cef8327feae75c3e4885cb4c6e2d,c014e84aa77975fc1c2744e6b9f3270e,116
a109cef8327feae75c3e4885cb4c6e2d,aa062d0d43fb0f311e962c085e1fb744,59
a109cef8327feae75c3e4885cb4c6e2d,fd8b5b53146b42edda07a15e27051bca,82
a109cef8327feae75c3e4885cb4c6e2d,27dad82447628aaa7e5a3ade0259bda7,127
a109cef8327feae75c3e4885cb4c6e2d,d3e3ae70ac393f24335f922cdeec1b1a,82
a109cef8327feae75c3e4885cb4c6e2d,5806209d46068008b4ccafa90dca6469,35
a109cef8327feae75c3e4885cb4c6e2d,466ef3d80ec02640eeecea72e08ad8c6,86
a109cef8327feae75c3e4885cb4c6e2d,16f7d070421f93ae177d8adf1bc0edf2,36
a109cef8327feae75c3e4885cb4c6e2d,ed343691d2b2712df2037aa5c1a0f9ab,98
a109cef8327feae75c3e4885cb4c6e2d,23d30ea674e3a1374d4ea788452ad6bb,15
a32200385b4594cb11f8a19e92c96836,008c7fb331f92d216799d21a9104231a,73
a32200385b4594cb11f8a19e92c96837,479986fc12b02040302f3d2b2a903e53,87
a32200385b4594cb11f8a19e92c96838,bd24c26a700dff3c6b0812c487f621af,100
a32200385b4594cb11f8a19e92c96839,5f6c28ea1939903f51fbff12de4aa7c2,33
a32200385b4594cb11f8a19e92c96840,0f79f5ac1d01d9639c74a0cce4a8c7b3,102
a32200385b4594cb11f8a19e92c96841,b720c3a8a48569f1b468a00ac07c5f7f,119
a32200385b4594cb11f8a19e92c96842,0a4bdcb73ac21ffeb164386d44212f45,103
a32200385b4594cb11f8a19e92c96843,068cc724c0bdf4a9fc56d2eb2d88fb0f,54
a32200385b4594cb11f8a19e92c96844,315f46f7a5e1de7ef9b4c2430ce64e2d,83
a32200385b4594cb11f8a19e92c96845,7456d0c6cf404d5d6321c7332391f09a,117
a32200385b4594cb11f8a19e92c96846,3db8556c1f1efeb42aa762e45e2b25d4,80
a32200385b4594cb11f8a19e92c96847,8a52b66854fe9b529941aae5668ff4aa,86
a32200385b4594cb11f8a19e92c96848,ad0cbdf3bde800a9ff964cd041d26e28,28
a32200385b4594cb11f8a19e92c96849,f2f904a986118f6e2e67da38c64ffe81,94
a32200385b4594cb11f8a19e92c96850,6f223e85f3b3c72a7ce29a142767e806,43
a32200385b4594cb11f8a19e92c96851,e9ae81cd14e76a11c325b7fb42611e06,27
a32200385b4594cb11f8a19e92c96852,9b250b78040c544e42e67c18034f9676,77
a32200385b4594cb11f8a19e92c96853,7d2101502c53723c2aaf2a8e5f150d97,12
a32200385b4594cb11f8a19e92c96854,2dccc7085f3e5aa5a404fa6ef1bdd672,46
a32200385b4594cb11f8a19e92c96855,d410d3fcb5d2bcc23387a9d34650c16b,22
a32200385b4594cb11f8a19e92c96856,91d86c8bc25e3813bbae2f4e6c70753a,-1
a442eeb8e92d2941addba3996bd7d0a1,b90945b4a95bfc10ffc239ec4eac211d,19
a442eeb8e92d2941addba3996bd7d0a2,57ed4bb35e7cef3fc5f579bd119ceeca,98
a442eeb8e92d2941addba3996bd7d0a3,c17f6e6b83ccc768962046f1af1372a5,56
a442eeb8e92d2941addba3996bd7d0a4,07695ef9feebc6ba02831f0f3c22662a,150
a442eeb8e92d2941addba3996bd7d0a5,9d54ec2880190738ff0b490850aa21ef,73
a442eeb8e92d2941addba3996bd7d0a6,c6e0c30c8c02b0706682ec89eb6fc565,99
a442eeb8e92d2941addba3996bd7d0a7,c6a9f7baaf3b88105816cf658c0cf7e8,149
a442eeb8e92d2941addba3996bd7d0a8,c6199433c79a95a34133f86971a148b1,103
a442eeb8e92d2941addba3996bd7d0a9,4341f809d409ac17565852620cf80cbd,64
a442eeb8e92d2941addba3996bd7d0a10,008c7fb331f92d216799d21a9104231a,137
a442eeb8e92d2941addba3996bd7d0a11,0a4bdcb73ac21ffeb164386d44212f45,130
a442eeb8e92d2941addba3996bd7d0a12,e2e8d3e46399c9cfcdd591a26e81cf5f,77
a442eeb8e92d2941addba3996bd7d0a13,70f7e0aad42e27aacb7490d349a4b233,75
a442eeb8e92d2941addba3996bd7d0a14,479986fc12b02040302f3d2b2a903e53,91
a442eeb8e92d2941addba3996bd7d0a15,0a7bab1764e8696f355e018c6fd0e8b7,30
a442eeb8e92d2941addba3996bd7d0a16,cbc1063c3b1731493f5de7dcd822a193,88
a442eeb8e92d2941addba3996bd7d0a17,ad0cbdf3bde800a9ff964cd041d26e28,79
a442eeb8e92d2941addba3996bd7d0a18,3db8556c1f1efeb42aa762e45e2b25d4,0
a442eeb8e92d2941addba3996bd7d0a19,7d2101502c53723c2aaf2a8e5f150d97,13
a442eeb8e92d2941addba3996bd7d0a20,011ffbd69cd25a2324c720b64f31712a,0
a442eeb8e92d2941addba3996bd7d0a21,ebec10a71fa69e4668ab1102ff7da2d2,14
a442eeb8e92d2941addba3996bd7d0a22,2f1121d01dbff3e3dd6f17841dd34120,11
a55fe197c4ae19094a2303a950c7e70c,472dc36ed0d28b2fd318d15bbd292320,139
a55fe197c4ae19094a2303a950c7e70c,7367a4fcf2f4af747576b5dcb9ffdd77,95
a55fe197c4ae19094a2303a950c7e70c,57bbd7e30bc694aeee9ee40c583e6811,57
a55fe197c4ae19094a2303a950c7e70c,307beab25b1021a548b4a47550bc4b25,36
a55fe197c4ae19094a2303a950c7e70c,a30c2c75d6a204ed450a2c423c11d362,121
a55fe197c4ae19094a2303a950c7e70c,c00264c3114d23bac482e9de50fb7d28,127
a55fe197c4ae19094a2303a950c7e70c,e43aba9ca924c29b2a41feb7d3c8bc5b,28
a55fe197c4ae19094a2303a950c7e70c,33963fe856a1523ff46438ba07d1d99f,25
a55fe197c4ae19094a2303a950c7e70c,27ea17a8685c4919f157e83fe9cb2d9e,52
a55fe197c4ae19094a2303a950c7e70c,1010437803b67e17a67a8966294555a7,104
a55fe197c4ae19094a2303a950c7e70c,5ff25817b04f08b02c9781970f1234c6,59
a55fe197c4ae19094a2303a950c7e70c,c1fe6ed491d04e3cdf50755dff23b263,25
a55fe197c4ae19094a2303a950c7e70c,907b36dd80d1411453e94bc61e2ca9a3,18
a55fe197c4ae19094a2303a950c7e70c,0b9f9787580f7ca0dbba7a0eb39b1c4d,104
a55fe197c4ae19094a2303a950c7e70c,60b5f9f68ccbbf7ba3fa13a2189e2775,95
a55fe197c4ae19094a2303a950c7e70c,e1f8bfdb6088ec65d99d98570149b1f0,28
a55fe197c4ae19094a2303a950c7e70c,f5250354772b45edb362cd3d5286b6e0,70
a55fe197c4ae19094a2303a950c7e70c,fa5ca757de7c6c5ec97900bcabbc146e,28
a55fe197c4ae19094a2303a950c7e70c,8bb18fb1d0cc10c985afa823ecec6d18,7
a55fe197c4ae19094a2303a950c7e70c,603daefb2fa321f3abab289805fdcc25,53
a55fe197c4ae19094a2303a950c7e70c,52c2b7c1bc3d4104de29f896fc644871,70
a55fe197c4ae19094a2303a950c7e70c,dd5c21b550fa5e029f561a830763acbc,16
a55fe197c4ae19094a2303a950c7e70c,44f7d39533b8d47af9cb1dcd7b5afb25,11
b2abcb6a29ed3d99db98084c96638bff,056755eee40e0ae3ce0cebd5b9053a3c,110
b2abcb6a29ed3d99db98084c96638bff,1f8e6e61eb13aa30f5384a7e6716ec19,94
b2abcb6a29ed3d99db98084c96638bff,7ed981d8ac6a49c95a4387973bd1ba42,107
b2abcb6a29ed3d99db98084c96638bff,27dad82447628aaa7e5a3ade0259bda7,54
b2abcb6a29ed3d99db98084c96638bff,6de0ac647d194bdcfc0854c7ad51c44e,43
b2abcb6a29ed3d99db98084c96638bff,d7f2b465bbe159ecb83cb95d120df260,16
b2abcb6a29ed3d99db98084c96638bff,78b2c63af827b482d7e3ffa096f4fbd2,15
b2abcb6a29ed3d99db98084c96638bff,33f469a601417bebf0be722241d131e6,13
b2abcb6a29ed3d99db98084c96638bff,e5e2fb66fc3e8ee0edf076e60d343031,83
b2abcb6a29ed3d99db98084c96638bff,c014e84aa77975fc1c2744e6b9f3270e,99
b2abcb6a29ed3d99db98084c96638bff,f74cedcf99a3aabc222398db7499bac1,15
b2abcb6a29ed3d99db98084c96638bff,17c5b4a9be5e0fa567d3d38ca65e4005,76
b2abcb6a29ed3d99db98084c96638bff,b67e5a2e593be71fe871d7d511f0ab55,65
b2abcb6a29ed3d99db98084c96638bff,321fe275d1d66f05c5014fd97e870834,84
b2abcb6a29ed3d99db98084c96638bff,23d30ea674e3a1374d4ea788452ad6bb,60
b2abcb6a29ed3d99db98084c96638bff,ed343691d2b2712df2037aa5c1a0f9ab,48
b2abcb6a29ed3d99db98084c96638bff,110efe8a264188c41b74dca2c1211247,73
b2abcb6a29ed3d99db98084c96638bff,8628c4223c91b8f171a7f25e9bbd866b,17
b2abcb6a29ed3d99db98084c96638bff,677378538fa929f6c5568cafa2914c83,39
b2abcb6a29ed3d99db98084c96638bff,b88215f941a479097d996e4e6136d3d5,60
b2abcb6a29ed3d99db98084c96638bff,fd8b5b53146b42edda07a15e27051bca,21
b2abcb6a29ed3d99db98084c96638bff,fd3a01d2c35cb46d49e9b2fe6fefea69,26
b2abcb6a29ed3d99db98084c96638bff,b1ae0bb44250b8cd2e080de545a6cd1b,0
b2abcb6a29ed3d99db98084c96638bff,5806209d46068008b4ccafa90dca6469,6
b2abcb6a29ed3d99db98084c96638bff,c73b83c931b184e173ceb68b5ec6b66d,6
b2c59cbe723394436526560db23e6a94,b67e5a2e593be71fe871d7d511f0ab55,93
b2c59cbe723394436526560db23e6a95,e5e2fb66fc3e8ee0edf076e60d343031,74
b2c59cbe723394436526560db23e6a96,1278107e4a5c3735de706159c381fd82,54
b2c59cbe723394436526560db23e6a97,bc77b0f38cb51b2cfe8552000e585cbf,122
b2c59cbe723394436526560db23e6a98,5f2d1b7a31eb9117654c9d056093bfa5,115
b2c59cbe723394436526560db23e6a99,d4777cb3468137b35f7e80b7434bec27,80
b2c59cbe723394436526560db23e6a100,4596ed9dd04a94f6ad5e60ebda302350,66
b2c59cbe723394436526560db23e6a101,17c5b4a9be5e0fa567d3d38ca65e4005,80
b2c59cbe723394436526560db23e6a102,336ec76a9accfb5359ea7e69f2610947,104
b2c59cbe723394436526560db23e6a103,9075d598a348b290d9c426e41662e593,77
b2c59cbe723394436526560db23e6a104,110efe8a264188c41b74dca2c1211247,102
b2c59cbe723394436526560db23e6a105,0beb157ecf02b2c67048597bb3c514b5,59
b2c59cbe723394436526560db23e6a106,f74cedcf99a3aabc222398db7499bac1,84
b2c59cbe723394436526560db23e6a107,3ac301867a2503f6aba31824dd7364db,43
b2c59cbe723394436526560db23e6a108,2892cf3e89fc147144ccbd45a194d64a,32
b2c59cbe723394436526560db23e6a109,648cb1de466b2c196fcd360502c34458,32
b2c59cbe723394436526560db23e6a110,321fe275d1d66f05c5014fd97e870834,72
b2c59cbe723394436526560db23e6a111,d7f2b465bbe159ecb83cb95d120df260,41
b2c59cbe723394436526560db23e6a112,050e16220dddff68fc37eca695cee3b4,113
b2c59cbe723394436526560db23e6a113,3a8bc5d57192fa6462a9b76f2eb06563,63
bd1f8947f5541c2fb22f6328a58f4fc7,c6a9f7baaf3b88105816cf658c0cf7e8,50
bd1f8947f5541c2fb22f6328a58f4fc8,bb78908ffd321b2e0709b9b462786360,27
bd1f8947f5541c2fb22f6328a58f4fc9,70f7e0aad42e27aacb7490d349a4b233,135
bd1f8947f5541c2fb22f6328a58f4fc10,57ed4bb35e7cef3fc5f579bd119ceeca,111
bd1f8947f5541c2fb22f6328a58f4fc11,ff9ea417d5345bb5e4e6ec152ae2358f,99
bd1f8947f5541c2fb22f6328a58f4fc12,6747ed60ebf43c90d3329c9d744662cb,22
bd1f8947f5541c2fb22f6328a58f4fc13,b90945b4a95bfc10ffc239ec4eac211d,56
bd1f8947f5541c2fb22f6328a58f4fc14,4dda057700cc34ac57fede94ff8c0652,112
bd1f8947f5541c2fb22f6328a58f4fc15,173f319db1edc802bf85ecff4a759d8c,36
bd1f8947f5541c2fb22f6328a58f4fc16,2f1121d01dbff3e3dd6f17841dd34120,1
bd1f8947f5541c2fb22f6328a58f4fc17,e2e8d3e46399c9cfcdd591a26e81cf5f,21
bd1f8947f5541c2fb22f6328a58f4fc18,bd20bf656b42bc62dbff50057d2b229a,99
bd1f8947f5541c2fb22f6328a58f4fc19,8744a467351282b52f1708ab0fac2e34,24
bd1f8947f5541c2fb22f6328a58f4fc20,cbc1063c3b1731493f5de7dcd822a193,73
bd1f8947f5541c2fb22f6328a58f4fc21,efa17727bd73df9be0622d56ec5e7f15,90
bd1f8947f5541c2fb22f6328a58f4fc22,d39a4c1fa31258c322488a7329674adc,91
bd1f8947f5541c2fb22f6328a58f4fc23,4341f809d409ac17565852620cf80cbd,85
bd1f8947f5541c2fb22f6328a58f4fc24,35ca3467b0fbb6a737c25f3f4ca5b2a8,15
bd1f8947f5541c2fb22f6328a58f4fc25,8855d25a0461a5ed487d0dbc7ad6c73b,17
bd1f8947f5541c2fb22f6328a58f4fc26,89c04f26448f309cd55b487b0722bdad,15
bd1f8947f5541c2fb22f6328a58f4fc27,011ffbd69cd25a2324c720b64f31712a,0
bd1f8947f5541c2fb22f6328a58f4fc28,e96dc78c444bead3a3e7d169f2fa6e07,0
be5f61a5354154b3d7cba7536f189e2f,57bbd7e30bc694aeee9ee40c583e6811,91
be5f61a5354154b3d7cba7536f189e2f,27ea17a8685c4919f157e83fe9cb2d9e,125
be5f61a5354154b3d7cba7536f189e2f,4eff0c7b3c32f68bfece327044b47b49,10
be5f61a5354154b3d7cba7536f189e2f,5ff25817b04f08b02c9781970f1234c6,70
be5f61a5354154b3d7cba7536f189e2f,4a34b108d006b92660ec7593dde29e0d,107
be5f61a5354154b3d7cba7536f189e2f,73cae0c04831cfb8dd47d5f41faf277f,111
be5f61a5354154b3d7cba7536f189e2f,52af793d0eeef92b05ce0d6b01cf2542,23
be5f61a5354154b3d7cba7536f189e2f,307beab25b1021a548b4a47550bc4b25,22
be5f61a5354154b3d7cba7536f189e2f,30f38d775cff2a96532ccc7c5e48c48b,75
be5f61a5354154b3d7cba7536f189e2f,0f02d616e027988803324c84e8951a0e,94
be5f61a5354154b3d7cba7536f189e2f,05c7b48e2ce68df138826699856fe6a5,45
be5f61a5354154b3d7cba7536f189e2f,ad6a98bfd42a5a831a1a3401eaf96785,33
be5f61a5354154b3d7cba7536f189e2f,59f29037d9dc9165fb360b9b3612d919,79
be5f61a5354154b3d7cba7536f189e2f,6a20279d61d8be94ea457bb5f6fe077a,9
be5f61a5354154b3d7cba7536f189e2f,c1fe6ed491d04e3cdf50755dff23b263,52
be5f61a5354154b3d7cba7536f189e2f,603daefb2fa321f3abab289805fdcc25,51
be5f61a5354154b3d7cba7536f189e2f,c00264c3114d23bac482e9de50fb7d28,125
be5f61a5354154b3d7cba7536f189e2f,8bb18fb1d0cc10c985afa823ecec6d18,91
be5f61a5354154b3d7cba7536f189e2f,dd5c21b550fa5e029f561a830763acbc,0
be5f61a5354154b3d7cba7536f189e2f,60b5f9f68ccbbf7ba3fa13a2189e2775,0
be5f61a5354154b3d7cba7536f189e2f,862015a22d1dd86103d865691dab92f0,16
be5f61a5354154b3d7cba7536f189e2f,50dd3829e418e0c92efe29566f288942,0
bfc4c8f688f511fb76f7fd82a3807f95,1b335cd14d37addc486b357c3b58db27,94
bfc4c8f688f511fb76f7fd82a3807f96,67f4ecb2bff373b7f14f59bdf87b47c6,19
bfc4c8f688f511fb76f7fd82a3807f97,171fe637accecc29979e5408595de077,149
bfc4c8f688f511fb76f7fd82a3807f98,1e5a19729df6e4496686d9356be411ca,106
bfc4c8f688f511fb76f7fd82a3807f99,81bf6c77460a6f7219c623af50178de5,66
bfc4c8f688f511fb76f7fd82a3807f100,f2e41e7ce25aff54b85ee5ab66f69187,94
bfc4c8f688f511fb76f7fd82a3807f101,3d6fa00462bffd51ce5cf6612ec9026a,105
bfc4c8f688f511fb76f7fd82a3807f102,c2502dbdbdc5273bac8daa884e3ff63a,50
bfc4c8f688f511fb76f7fd82a3807f103,64434221db9ba319f8d13632f1c2ad32,92
bfc4c8f688f511fb76f7fd82a3807f104,4d371dbb9d07b0a451e6a253244d3079,27
bfc4c8f688f511fb76f7fd82a3807f105,404f3be24b921150227c13f766e084cf,90
bfc4c8f688f511fb76f7fd82a3807f106,b2ba11f9de4921e8eee910b7c9d5404f,47
bfc4c8f688f511fb76f7fd82a3807f107,085beb037fb1e12196085f66c9761cd4,53
bfc4c8f688f511fb76f7fd82a3807f108,e546fc654970cfc01f73c0d73250e97b,30
bfc4c8f688f511fb76f7fd82a3807f109,007b0de63548bac45dfacc0870a4a537,84
bfc4c8f688f511fb76f7fd82a3807f110,100cf64c65b01e459c9fdda0f8b75061,47
bfc4c8f688f511fb76f7fd82a3807f111,a82c2c880ccf01c25e5ffa252551a612,115
bfc4c8f688f511fb76f7fd82a3807f112,ffaf641f9379f76a57f15bab1e788e6d,4
bfc4c8f688f511fb76f7fd82a3807f113,9fa70948d1ad86af009ffad239f8a464,4
bfc4c8f688f511fb76f7fd82a3807f114,508d962863dc09f49884cdd9a53d804a,26
bfc4c8f688f511fb76f7fd82a3807f115,4c96537f405d4671d86876fd67f0762d,4
c005dbf89ef3fb55d6f0f0461ada5561,461d33b042b3c349d69980f89e06f582,120
c005dbf89ef3fb55d6f0f0461ada5562,0468a7cae6489acd7294600e8bad8b32,138
c005dbf89ef3fb55d6f0f0461ada5563,6de0ac647d194bdcfc0854c7ad51c44e,14
c005dbf89ef3fb55d6f0f0461ada5564,0c2d9d598f919d635d1f230ea475ef04,32
c005dbf89ef3fb55d6f0f0461ada5565,7c1c2ad6f3088c952dffd0335bb3af9b,41
c005dbf89ef3fb55d6f0f0461ada5566,0beb157ecf02b2c67048597bb3c514b5,90
c005dbf89ef3fb55d6f0f0461ada5567,d4777cb3468137b35f7e80b7434bec27,125
c005dbf89ef3fb55d6f0f0461ada5568,83276e13d34f364faa3a24cecec245e1,118
c005dbf89ef3fb55d6f0f0461ada5569,33f469a601417bebf0be722241d131e6,77
c005dbf89ef3fb55d6f0f0461ada5570,e5e2fb66fc3e8ee0edf076e60d343031,151
c005dbf89ef3fb55d6f0f0461ada5571,d29058993b5746d37d0fd5348c5018e2,42
c005dbf89ef3fb55d6f0f0461ada5572,c5a353e301078ea1cb4e8bc8fede12e9,69
c005dbf89ef3fb55d6f0f0461ada5573,3637dae74ec0bcaa39275df5ef7bea71,76
c005dbf89ef3fb55d6f0f0461ada5574,13742c470562ea186133c3a06e43d172,29
c005dbf89ef3fb55d6f0f0461ada5575,17c5b4a9be5e0fa567d3d38ca65e4005,125
c005dbf89ef3fb55d6f0f0461ada5576,e6d3fc584789b9b914791ec969a8d5a4,101
c005dbf89ef3fb55d6f0f0461ada5577,321fe275d1d66f05c5014fd97e870834,115
c005dbf89ef3fb55d6f0f0461ada5578,110efe8a264188c41b74dca2c1211247,88
c005dbf89ef3fb55d6f0f0461ada5579,d7f2b465bbe159ecb83cb95d120df260,40
c18a10de1375b1f12aa17ef6cc540103,e2d5a38e5f826708c89f2f728eade916,112
c18a10de1375b1f12aa17ef6cc540104,8bea2707e7bf04c8a3d8188b87d92c0e,117
c18a10de1375b1f12aa17ef6cc540105,c493d9929037f011bcb3ff8a2e468c6a,46
c18a10de1375b1f12aa17ef6cc540106,b07ed3ce0e4991320064795011f02d4d,95
c18a10de1375b1f12aa17ef6cc540107,91a259d73f01cc44ea00b70444bdac89,45
c18a10de1375b1f12aa17ef6cc540108,71cd93e320cd2da78733d23dae3274a0,82
c18a10de1375b1f12aa17ef6cc540109,952cb62f00fbb58407f3a7cd89c3a7bf,57
c18a10de1375b1f12aa17ef6cc540110,7021635e4c42453f92b82fe89cfffa35,53
c18a10de1375b1f12aa17ef6cc540111,293f2b24a7c44b0d65cd9ac09b680ffc,43
c18a10de1375b1f12aa17ef6cc540112,1e76e7a4a5b6d17e67172710d86b6b51,74
c18a10de1375b1f12aa17ef6cc540113,1376b4800e5b2d50ce35a57827eadcfc,71
c18a10de1375b1f12aa17ef6cc540114,38165bacb00c27108cc23681972ee9ab,64
c18a10de1375b1f12aa17ef6cc540115,d1af6080bd4b6a794ba3595dab2b1fb8,24
c18a10de1375b1f12aa17ef6cc540116,b248b1d9caa41a3562d67584c1a0b399,51
c18a10de1375b1f12aa17ef6cc540117,6b08fc64c8d282c36e800d28eb278027,86
c18a10de1375b1f12aa17ef6cc540118,9cdb7fcbb36cb039e63ea8074df32a81,66
c18a10de1375b1f12aa17ef6cc540119,b2e677220105e6d33b08f102109ae232,12
c18a10de1375b1f12aa17ef6cc540120,4b095e823bb1b4857a50d41a511930d4,35
c18a10de1375b1f12aa17ef6cc540121,84a4a3c70c57b7d570baca43b5423ba3,22
c18a10de1375b1f12aa17ef6cc540122,53e6c98d995191bfb806c5a7cf93db05,0
c18a10de1375b1f12aa17ef6cc540123,38f5dec297d58ecae62c8a9549004520,12
c18a10de1375b1f12aa17ef6cc540124,14629670f976c0320bd2085956d073e1,12
c18a10de1375b1f12aa17ef6cc540125,7438349cba4a3154e331f38cfbb2dd5e,8
c18a10de1375b1f12aa17ef6cc540126,d2a15fd08b7e2fce833c736710c3fd5e,8
c18a10de1375b1f12aa17ef6cc540127,00d19f69501c09d98507b48ceff105e6,8
cc638bdf25316add638154b45434aebd,45e7a758a91a254ff04756562e740f2d,55
cc638bdf25316add638154b45434aebd,011ffbd69cd25a2324c720b64f31712a,113
cc638bdf25316add638154b45434aebd,1362d9ad805e7cc4ea3a9467c91142d6,33
cc638bdf25316add638154b45434aebd,2b313e2bcef0268bc8e9415132ba9997,46
cc638bdf25316add638154b45434aebd,5234e98b6206eb09c43f8cf19ae9d6ef,112
cc638bdf25316add638154b45434aebd,c4072556336827a70c8a0298bc658b5b,50
cc638bdf25316add638154b45434aebd,c721802743c4dd0a6d0fbdc0ccb8d196,59
cc638bdf25316add638154b45434aebd,f79a2b5e6190ac3c534645e806f1b611,83
cc638bdf25316add638154b45434aebd,ac0e388f8e54b5a360b572302b933639,63
cc638bdf25316add638154b45434aebd,6bf40f9c2b640febc71d1393fb24d894,79
cc638bdf25316add638154b45434aebd,a99f44bbff39e352191a870e17f04537,112
cc638bdf25316add638154b45434aebd,2db991f86a08c6e83cf5d916da7b16d7,111
cc638bdf25316add638154b45434aebd,7afc3cf0c2557f13e927da9ab03725dc,59
cc638bdf25316add638154b45434aebd,021dabc5d7a1404ec8ad34fe8ca4b5e3,28
cc638bdf25316add638154b45434aebd,091e956c671f029caa455f13ef42c4c2,71
cc638bdf25316add638154b45434aebd,f4e77e1d9313c8f7274d0ca3ef38ed3d,80
cc638bdf25316add638154b45434aebd,bc6bc2e33f8e12c3632ba3cbf67200d1,74
cc638bdf25316add638154b45434aebd,4f4e47023263931e1445dc97f7dae941,76
cc638bdf25316add638154b45434aebd,5779f715384a05dc9cea4ddf21ab564c,72
cc638bdf25316add638154b45434aebd,be9b1397bcb9fb9104edd23670988cda,81
d0c6985ffc5f03ba09393699467a580a,c17f6e6b83ccc768962046f1af1372a5,99
d0c6985ffc5f03ba09393699467a580a,ea16528886a6058e0d8133e78bec598e,36
d0c6985ffc5f03ba09393699467a580a,0d4f00ab57bedad897a0aecf8dfa692f,91
d0c6985ffc5f03ba09393699467a580a,07695ef9feebc6ba02831f0f3c22662a,128
d0c6985ffc5f03ba09393699467a580a,c6e0c30c8c02b0706682ec89eb6fc565,126
d0c6985ffc5f03ba09393699467a580a,0a4bdcb73ac21ffeb164386d44212f45,124
d0c6985ffc5f03ba09393699467a580a,54585b803d43739f9a55ac96da873fbf,66
d0c6985ffc5f03ba09393699467a580a,008c7fb331f92d216799d21a9104231a,122
d0c6985ffc5f03ba09393699467a580a,cbd8848dea8700073ef1dbb218821339,73
d0c6985ffc5f03ba09393699467a580a,30ffeac1e06740482da5c4f0dd3454ad,111
d0c6985ffc5f03ba09393699467a580a,a41e691698563706342ff5eca9e22bf1,0
d0c6985ffc5f03ba09393699467a580a,f974c6b5a65a034a866cd58014d6fbe3,102
d0c6985ffc5f03ba09393699467a580a,825e2645d764579a9917c71844043eba,17
d0c6985ffc5f03ba09393699467a580a,25f9b9aedb2a8c72079ebd39a3ff4c8c,107
d0c6985ffc5f03ba09393699467a580a,377f464a91323a8e2c5486ce2cb4c153,37
d0c6985ffc5f03ba09393699467a580a,068cc724c0bdf4a9fc56d2eb2d88fb0f,8
d0c6985ffc5f03ba09393699467a580a,0a7bab1764e8696f355e018c6fd0e8b7,13
d0c6985ffc5f03ba09393699467a580a,7d2101502c53723c2aaf2a8e5f150d97,17
d0c6985ffc5f03ba09393699467a580a,479986fc12b02040302f3d2b2a903e53,14
d3a00898abc790fd5643d05f996f05f7,9b85cb9662c0d65b722d77aea12f3f13,56
d3a00898abc790fd5643d05f996f05f8,3ac301867a2503f6aba31824dd7364db,89
d3a00898abc790fd5643d05f996f05f9,b67e5a2e593be71fe871d7d511f0ab55,70
d3a00898abc790fd5643d05f996f05f10,b1ae0bb44250b8cd2e080de545a6cd1b,130
d3a00898abc790fd5643d05f996f05f11,321fe275d1d66f05c5014fd97e870834,41
d3a00898abc790fd5643d05f996f05f12,1b335cd14d37addc486b357c3b58db27,50
d3a00898abc790fd5643d05f996f05f13,c2502dbdbdc5273bac8daa884e3ff63a,69
d3a00898abc790fd5643d05f996f05f14,4c96537f405d4671d86876fd67f0762d,34
d3a00898abc790fd5643d05f996f05f15,f2e41e7ce25aff54b85ee5ab66f69187,92
d3a00898abc790fd5643d05f996f05f16,9fa70948d1ad86af009ffad239f8a464,62
d3a00898abc790fd5643d05f996f05f17,007b0de63548bac45dfacc0870a4a537,56
d3a00898abc790fd5643d05f996f05f18,110efe8a264188c41b74dca2c1211247,86
d3a00898abc790fd5643d05f996f05f19,d7f2b465bbe159ecb83cb95d120df260,105
d3a00898abc790fd5643d05f996f05f20,67f4ecb2bff373b7f14f59bdf87b47c6,25
d3a00898abc790fd5643d05f996f05f21,c9c7a2ee43d9e8b1dd0c6eb6f9be7022,79
d3a00898abc790fd5643d05f996f05f22,9dfb640c64a314da8e0fd9993fea7c8f,90
d3a00898abc790fd5643d05f996f05f23,508d962863dc09f49884cdd9a53d804a,44
d3a00898abc790fd5643d05f996f05f24,404f3be24b921150227c13f766e084cf,52
d3a00898abc790fd5643d05f996f05f25,12f2718c657784e4b5f766789d3df3bf,20
d3a00898abc790fd5643d05f996f05f26,063e48c00d94d39401fac3f94276ce6a,16
d9eb042455c8f36574d3a52e678a8917,b0b5fb4a9b857c0cf63b80c1893bfef4,88
d9eb042455c8f36574d3a52e678a8918,73cae0c04831cfb8dd47d5f41faf277f,52
d9eb042455c8f36574d3a52e678a8919,4eff0c7b3c32f68bfece327044b47b49,28
d9eb042455c8f36574d3a52e678a8920,93cccaa284535f9bef1dbce1d6adfb34,99
d9eb042455c8f36574d3a52e678a8921,039bd19014e6cfcf867f442aa412ad6a,94
d9eb042455c8f36574d3a52e678a8922,30f38d775cff2a96532ccc7c5e48c48b,82
d9eb042455c8f36574d3a52e678a8923,522a32a0442e32bce9aba28ac7ba327b,88
d9eb042455c8f36574d3a52e678a8924,59f29037d9dc9165fb360b9b3612d919,37
d9eb042455c8f36574d3a52e678a8925,4a34b108d006b92660ec7593dde29e0d,48
d9eb042455c8f36574d3a52e678a8926,ad6a98bfd42a5a831a1a3401eaf96785,93
d9eb042455c8f36574d3a52e678a8927,0f02d616e027988803324c84e8951a0e,131
d9eb042455c8f36574d3a52e678a8928,53502b8d547e58de75cb1622f66cae09,90
d9eb042455c8f36574d3a52e678a8929,2f04dbbabeefc1447ca06ae228d8b42c,40
d9eb042455c8f36574d3a52e678a8930,466ef3d80ec02640eeecea72e08ad8c6,107
d9eb042455c8f36574d3a52e678a8931,d3e3ae70ac393f24335f922cdeec1b1a,117
d9eb042455c8f36574d3a52e678a8932,05c7b48e2ce68df138826699856fe6a5,107
d9eb042455c8f36574d3a52e678a8933,36d0e99d34dfb110a853cd2892065234,127
d9eb042455c8f36574d3a52e678a8934,cdb159e491966787f661d65f4d997fe8,56
d9eb042455c8f36574d3a52e678a8935,aa062d0d43fb0f311e962c085e1fb744,52
d9eb042455c8f36574d3a52e678a8936,16f7d070421f93ae177d8adf1bc0edf2,85
d9eb042455c8f36574d3a52e678a8937,4d64187a5343a51197a799982a97d173,48
dadcdbe527d9d72f8b0907796f7559cb,5e6c9c4441186264607c60fcc533574c,40
dadcdbe527d9d72f8b0907796f7559cb,2eeada608e233557df90216a902fbc98,41
dadcdbe527d9d72f8b0907796f7559cb,978f65d65974dcaaea595daaa1b35a2a,121
dadcdbe527d9d72f8b0907796f7559cb,317a4d61e1dd679f93b3628f3e35e0d0,38
dadcdbe527d9d72f8b0907796f7559cb,83944f9dd3038c23ba3bfedebce2519e,25
dadcdbe527d9d72f8b0907796f7559cb,54393360fa8811223b580041b2792de8,61
dadcdbe527d9d72f8b0907796f7559cb,2f47647508381809be04b091b6ca7784,99
dadcdbe527d9d72f8b0907796f7559cb,3b532bdaf4b8e53a39e49771a8339720,18
dadcdbe527d9d72f8b0907796f7559cb,875a3f8821cc8b53f87e446230015c62,79
dadcdbe527d9d72f8b0907796f7559cb,f8e9b9ba10fcf68af334471084df15c9,79
dadcdbe527d9d72f8b0907796f7559cb,377f464a91323a8e2c5486ce2cb4c153,49
dadcdbe527d9d72f8b0907796f7559cb,249de90677348e56e1f8c68e67edd04f,97
dadcdbe527d9d72f8b0907796f7559cb,5cfae6b3803440cb1d87ceead6aad4eb,55
dadcdbe527d9d72f8b0907796f7559cb,92dcab554aa5587162253437a4e485c6,117
dadcdbe527d9d72f8b0907796f7559cb,d39fd16f0b287a447787404fedf12983,67
dadcdbe527d9d72f8b0907796f7559cb,efccee5aa58785e3778eb8d773dfa791,54
dadcdbe527d9d72f8b0907796f7559cb,4121c3bfb44f9d3a3151b212f31e7e04,109
dadcdbe527d9d72f8b0907796f7559cb,74830bfa36f9e2005b3b6beb635e80f5,36
dadcdbe527d9d72f8b0907796f7559cb,ffaf641f9379f76a57f15bab1e788e6d,29
dadcdbe527d9d72f8b0907796f7559cb,24724aa699e58a03806f85980aa6e7c0,29
dadcdbe527d9d72f8b0907796f7559cb,928d7057f3a2b03d6e1574c5a55d0a54,29
dadcdbe527d9d72f8b0907796f7559cb,b2ba11f9de4921e8eee910b7c9d5404f,21
dc9261160f28c7e28ffe11e9724aa2b4,515b44596849db9f6f2b360c576398fc,86
dc9261160f28c7e28ffe11e9724aa2b5,472dc36ed0d28b2fd318d15bbd292320,117
dc9261160f28c7e28ffe11e9724aa2b6,db86ba65d6046f9384355934073a2b9d,64
dc9261160f28c7e28ffe11e9724aa2b7,907b36dd80d1411453e94bc61e2ca9a3,48
dc9261160f28c7e28ffe11e9724aa2b8,fa5ca757de7c6c5ec97900bcabbc146e,79
dc9261160f28c7e28ffe11e9724aa2b9,cc2c9a0eec200fae9bebb80d56d93b8c,88
dc9261160f28c7e28ffe11e9724aa2b10,1010437803b67e17a67a8966294555a7,81
dc9261160f28c7e28ffe11e9724aa2b11,b288a5a2a8615f37ae77f3ce71f061e8,110
dc9261160f28c7e28ffe11e9724aa2b12,e43aba9ca924c29b2a41feb7d3c8bc5b,21
dc9261160f28c7e28ffe11e9724aa2b13,86221f74b2afc0d40da3005ce1479d4b,44
dc9261160f28c7e28ffe11e9724aa2b14,852c9de6c917694981f071bc5eb58326,50
dc9261160f28c7e28ffe11e9724aa2b15,0a7ae25da315e35e903233b4bb2252da,82
dc9261160f28c7e28ffe11e9724aa2b16,59d0622b78201a399694cd27d235f863,49
dc9261160f28c7e28ffe11e9724aa2b17,7367a4fcf2f4af747576b5dcb9ffdd77,85
dc9261160f28c7e28ffe11e9724aa2b18,6c15237c89ddcd2fd17c120149e033e9,114
dc9261160f28c7e28ffe11e9724aa2b19,a30c2c75d6a204ed450a2c423c11d362,56
dc9261160f28c7e28ffe11e9724aa2b20,b177b26c374aefaddfc0895c08bf1ea7,81
dc9261160f28c7e28ffe11e9724aa2b21,0b9f9787580f7ca0dbba7a0eb39b1c4d,58
dc9261160f28c7e28ffe11e9724aa2b22,f5250354772b45edb362cd3d5286b6e0,51
dc9261160f28c7e28ffe11e9724aa2b23,3d9bcb1390d5efea6bbce4aac0952178,82
dd4d15aab3b091546f9bf65b7f562f27,6de0ac647d194bdcfc0854c7ad51c44e,107
dd4d15aab3b091546f9bf65b7f562f28,285f819d294e245977e8bf12b2be4765,112
dd4d15aab3b091546f9bf65b7f562f29,83944f9dd3038c23ba3bfedebce2519e,34
dd4d15aab3b091546f9bf65b7f562f30,36b6d1374b888ef311eb59e4b7368f78,32
dd4d15aab3b091546f9bf65b7f562f31,34c349ba8477c94eb0a7545b439c9bd3,154
dd4d15aab3b091546f9bf65b7f562f32,417afba21d2c399474c48fa0d4993de2,115
dd4d15aab3b091546f9bf65b7f562f33,3b532bdaf4b8e53a39e49771a8339720,21
dd4d15aab3b091546f9bf65b7f562f34,fe1871734c4c4601acf113acb94da1b7,134
dd4d15aab3b091546f9bf65b7f562f35,2eeada608e233557df90216a902fbc98,83
dd4d15aab3b091546f9bf65b7f562f36,6e21954485044405e05c6384c99d23e3,80
dd4d15aab3b091546f9bf65b7f562f37,2f1ef4c0eab0128f3a2622ddf85cf201,131
dd4d15aab3b091546f9bf65b7f562f38,54393360fa8811223b580041b2792de8,86
dd4d15aab3b091546f9bf65b7f562f39,46f88362b82eee93adfda97ce7caa4ab,75
dd4d15aab3b091546f9bf65b7f562f40,f8e9b9ba10fcf68af334471084df15c9,77
dd4d15aab3b091546f9bf65b7f562f41,66b04e3d18df11c48839db5bd1597c02,142
dd4d15aab3b091546f9bf65b7f562f42,de8c14a823090b1f97fbb15ce28fd078,59
dd4d15aab3b091546f9bf65b7f562f43,7ad27aab65cc1ce38a8720efe685e24f,154
dd4d15aab3b091546f9bf65b7f562f44,7fece8953398ce9739a0d9bfc7b4a0e6,49
dd4d15aab3b091546f9bf65b7f562f45,8fdab3e3f9022d0fadca93e4cd59cddc,79
dd4d15aab3b091546f9bf65b7f562f46,676ca52cf152e1691e774f02d61f6e35,21
dd4d15aab3b091546f9bf65b7f562f47,efccee5aa58785e3778eb8d773dfa791,0
ded7de5f5252e901151b00938ce580c2,4596ed9dd04a94f6ad5e60ebda302350,26
ded7de5f5252e901151b00938ce580c3,bc77b0f38cb51b2cfe8552000e585cbf,93
ded7de5f5252e901151b00938ce580c4,fe1871734c4c4601acf113acb94da1b7,118
ded7de5f5252e901151b00938ce580c5,34c349ba8477c94eb0a7545b439c9bd3,68
ded7de5f5252e901151b00938ce580c6,36b6d1374b888ef311eb59e4b7368f78,40
ded7de5f5252e901151b00938ce580c7,9a07071107374d4c6a0292b80396c99c,65
ded7de5f5252e901151b00938ce580c8,867712e1cdfd8b15d083f3be2af4bc0f,24
ded7de5f5252e901151b00938ce580c9,5f2d1b7a31eb9117654c9d056093bfa5,96
ded7de5f5252e901151b00938ce580c10,336ec76a9accfb5359ea7e69f2610947,44
ded7de5f5252e901151b00938ce580c11,050e16220dddff68fc37eca695cee3b4,60
ded7de5f5252e901151b00938ce580c12,3a7ac3ab38d3261d8c162d52a7f4e644,81
ded7de5f5252e901151b00938ce580c13,46f88362b82eee93adfda97ce7caa4ab,114
ded7de5f5252e901151b00938ce580c14,3ac301867a2503f6aba31824dd7364db,69
ded7de5f5252e901151b00938ce580c15,963242c7a25ba9a70b245f482e960e75,43
ded7de5f5252e901151b00938ce580c16,7ad27aab65cc1ce38a8720efe685e24f,51
ded7de5f5252e901151b00938ce580c17,417afba21d2c399474c48fa0d4993de2,89
ded7de5f5252e901151b00938ce580c18,8fdab3e3f9022d0fadca93e4cd59cddc,83
ded7de5f5252e901151b00938ce580c19,36f020989d86eefe270ab346e6f80e4e,19
ded7de5f5252e901151b00938ce580c20,9075d598a348b290d9c426e41662e593,21
ded7de5f5252e901151b00938ce580c21,2892cf3e89fc147144ccbd45a194d64a,21
ded7de5f5252e901151b00938ce580c22,2faa88bc657b3dbf4aeeb2f3eb7a1e23,21
ded7de5f5252e901151b00938ce580c23,648cb1de466b2c196fcd360502c34458,21
ded7de5f5252e901151b00938ce580c24,676ca52cf152e1691e774f02d61f6e35,14
ded7de5f5252e901151b00938ce580c25,de8c14a823090b1f97fbb15ce28fd078,14
e26fa57f2c5e83edc21e3f97b55cbecd,d8e4f0fd2e836518e681c99a3f9e4411,122
e26fa57f2c5e83edc21e3f97b55cbecd,6336b73a02925ee68f635cdf2a5101f1,59
e26fa57f2c5e83edc21e3f97b55cbecd,e8f08c4244cbc01674a2c6f7c10117ae,85
e26fa57f2c5e83edc21e3f97b55cbecd,1a8dfc8c85278dd28ed7985e40fc6018,98
e26fa57f2c5e83edc21e3f97b55cbecd,881f83d2dee3f18c7d1751659406144e,19
e26fa57f2c5e83edc21e3f97b55cbecd,7e0fe3d0e532a5786e2eec9b5d1bedc6,19
e26fa57f2c5e83edc21e3f97b55cbecd,dcb6b241fcbbd838bc3437c8e1fc4ccb,49
e26fa57f2c5e83edc21e3f97b55cbecd,646b0273682c1592a938bbfb21332ded,98
e26fa57f2c5e83edc21e3f97b55cbecd,394e78a51b6d2fd3c046f11f49fcab57,103
e26fa57f2c5e83edc21e3f97b55cbecd,74f677b5efa87503eead993dfa30ca27,56
e26fa57f2c5e83edc21e3f97b55cbecd,ba5861d8e221e712fc92aebfe00a4782,100
e26fa57f2c5e83edc21e3f97b55cbecd,9e0ccb212abed9880097869dbfb903c5,72
e26fa57f2c5e83edc21e3f97b55cbecd,1c73194e0fa711701298e4a27b046bab,40
e26fa57f2c5e83edc21e3f97b55cbecd,73be785a9fbca2eff767fbce1c398d66,62
e26fa57f2c5e83edc21e3f97b55cbecd,83ec3271b8078785b0055a1f7817068f,60
e26fa57f2c5e83edc21e3f97b55cbecd,762b12c3cb57fad4b882040b3293fa31,77
e26fa57f2c5e83edc21e3f97b55cbecd,1532445b96ca1edd411bfae064b189bb,51
e26fa57f2c5e83edc21e3f97b55cbecd,e211885d70d20be63797249090882c53,55
e26fa57f2c5e83edc21e3f97b55cbecd,85b8db431f11d51d5def87fc58229be4,46
e3ca2e93a38f7497b6f476c86f5b2137,17651fd844ca9177694e0fe8e13ade03,198
e3ca2e93a38f7497b6f476c86f5b2138,387d067091bd3a9264576ddb74759f5f,198
e3ca2e93a38f7497b6f476c86f5b2139,307beab25b1021a548b4a47550bc4b25,97
e3ca2e93a38f7497b6f476c86f5b2140,c00264c3114d23bac482e9de50fb7d28,163
e3ca2e93a38f7497b6f476c86f5b2141,5fe2b12999c5b4a17dba17cb76b0cfbc,108
e3ca2e93a38f7497b6f476c86f5b2142,60b5f9f68ccbbf7ba3fa13a2189e2775,146
e3ca2e93a38f7497b6f476c86f5b2143,2b8bdfc64f41d1adefabcf7e0667a618,46
e3ca2e93a38f7497b6f476c86f5b2144,57bbd7e30bc694aeee9ee40c583e6811,155
e3ca2e93a38f7497b6f476c86f5b2145,f5f1164263044fc2ee91242daa221045,157
e3ca2e93a38f7497b6f476c86f5b2146,5ff25817b04f08b02c9781970f1234c6,97
e3ca2e93a38f7497b6f476c86f5b2147,43a74f78a8e39c7fb0ad193fb24f52ba,45
e3ca2e93a38f7497b6f476c86f5b2148,e6d3fc584789b9b914791ec969a8d5a4,65
e3ca2e93a38f7497b6f476c86f5b2149,e688b1a601a44fb2ac79c58bf6c89e8b,92
e3ca2e93a38f7497b6f476c86f5b2150,a60cb266e26f960c075b6694022baae6,66
e3ca2e93a38f7497b6f476c86f5b2151,603daefb2fa321f3abab289805fdcc25,93
e3ca2e93a38f7497b6f476c86f5b2152,dd5c21b550fa5e029f561a830763acbc,75
e3ca2e93a38f7497b6f476c86f5b2153,8bb18fb1d0cc10c985afa823ecec6d18,37
e3ca2e93a38f7497b6f476c86f5b2154,52c2b7c1bc3d4104de29f896fc644871,29
e3ca2e93a38f7497b6f476c86f5b2155,b73aad6e3aa709f60c19344e876acc10,3
e3ca2e93a38f7497b6f476c86f5b2156,1f2bef6aac30136c2f03004656efa3c0,-1
e3ca2e93a38f7497b6f476c86f5b2157,ab1aaee5e4a6d0121e58866080be4ca8,-1
e3ca2e93a38f7497b6f476c86f5b2158,67871d34cda8ae6037909c357510928c,-1
e44e31fefaa028c1e9df1a71d4aff556,039bd19014e6cfcf867f442aa412ad6a,151
e44e31fefaa028c1e9df1a71d4aff557,93cccaa284535f9bef1dbce1d6adfb34,101
e44e31fefaa028c1e9df1a71d4aff558,9f0ee42268a2542d7fd028fe79184286,112
e44e31fefaa028c1e9df1a71d4aff559,58f273dbbf002f0ec411fc247e07dd0a,21
e44e31fefaa028c1e9df1a71d4aff560,1cd0599b37f77c2be76a2c6df23d1ba8,100
e44e31fefaa028c1e9df1a71d4aff561,522a32a0442e32bce9aba28ac7ba327b,72
e44e31fefaa028c1e9df1a71d4aff562,adcd53acc9f5585db4c510745b2bac89,88
e44e31fefaa028c1e9df1a71d4aff563,9d4117dd37b6a8592a711ef940b82de4,77
e44e31fefaa028c1e9df1a71d4aff564,16f7d070421f93ae177d8adf1bc0edf2,24
e44e31fefaa028c1e9df1a71d4aff565,eaa6c5d9e964e04fa05b4db476fb46f0,60
e44e31fefaa028c1e9df1a71d4aff566,d3e3ae70ac393f24335f922cdeec1b1a,118
e44e31fefaa028c1e9df1a71d4aff567,466ef3d80ec02640eeecea72e08ad8c6,76
e44e31fefaa028c1e9df1a71d4aff568,f285f13f0c036a88bd85535e47e88aef,50
e44e31fefaa028c1e9df1a71d4aff569,a555fb30be57b11cdfbffa3654ba9f83,55
e44e31fefaa028c1e9df1a71d4aff570,2f04dbbabeefc1447ca06ae228d8b42c,58
e44e31fefaa028c1e9df1a71d4aff571,aa062d0d43fb0f311e962c085e1fb744,67
e44e31fefaa028c1e9df1a71d4aff572,62a21c6589a18649d9d4c8a651a829ce,6
e44e31fefaa028c1e9df1a71d4aff573,cdb159e491966787f661d65f4d997fe8,25
e44e31fefaa028c1e9df1a71d4aff574,28ce9a11a56397b259299fdd9710dab5,42
e44e31fefaa028c1e9df1a71d4aff575,8b1f1c4a8f9f63c436dd736e77b0e9e8,0
f0332f91eb943b64b39ef28daf6639c6,6c15237c89ddcd2fd17c120149e033e9,62
f0332f91eb943b64b39ef28daf6639c7,4eff0c7b3c32f68bfece327044b47b49,79
f0332f91eb943b64b39ef28daf6639c8,4a34b108d006b92660ec7593dde29e0d,130
f0332f91eb943b64b39ef28daf6639c9,73cae0c04831cfb8dd47d5f41faf277f,91
f0332f91eb943b64b39ef28daf6639c10,59f29037d9dc9165fb360b9b3612d919,93
f0332f91eb943b64b39ef28daf6639c11,db86ba65d6046f9384355934073a2b9d,10
f0332f91eb943b64b39ef28daf6639c12,30f38d775cff2a96532ccc7c5e48c48b,77
f0332f91eb943b64b39ef28daf6639c13,cc2c9a0eec200fae9bebb80d56d93b8c,37
f0332f91eb943b64b39ef28daf6639c14,dfc487cf688d18f2a848bbf05e7a9f47,85
f0332f91eb943b64b39ef28daf6639c15,b288a5a2a8615f37ae77f3ce71f061e8,29
f0332f91eb943b64b39ef28daf6639c16,59d0622b78201a399694cd27d235f863,23
f0332f91eb943b64b39ef28daf6639c17,36d0e99d34dfb110a853cd2892065234,100
f0332f91eb943b64b39ef28daf6639c18,ad6a98bfd42a5a831a1a3401eaf96785,38
f0332f91eb943b64b39ef28daf6639c19,0a7ae25da315e35e903233b4bb2252da,66
f0332f91eb943b64b39ef28daf6639c20,0f02d616e027988803324c84e8951a0e,55
f0332f91eb943b64b39ef28daf6639c21,b177b26c374aefaddfc0895c08bf1ea7,52
f0332f91eb943b64b39ef28daf6639c22,05c7b48e2ce68df138826699856fe6a5,90
f0332f91eb943b64b39ef28daf6639c23,66c0552461f4db5611a978058e90b8b4,48
f0332f91eb943b64b39ef28daf6639c24,52af793d0eeef92b05ce0d6b01cf2542,68
f0332f91eb943b64b39ef28daf6639c25,53502b8d547e58de75cb1622f66cae09,21
f0332f91eb943b64b39ef28daf6639c26,515b44596849db9f6f2b360c576398fc,22
f0332f91eb943b64b39ef28daf6639c27,862015a22d1dd86103d865691dab92f0,21
f0332f91eb943b64b39ef28daf6639c28,6a20279d61d8be94ea457bb5f6fe077a,21
f0332f91eb943b64b39ef28daf6639c29,3d9bcb1390d5efea6bbce4aac0952178,4
f0332f91eb943b64b39ef28daf6639c30,12d1d91e35cddf4defdd250392f4f2e5,2
f385e8caae86b6cb58ed3241c1278ce4,e5e2fb66fc3e8ee0edf076e60d343031,37
f385e8caae86b6cb58ed3241c1278ce5,171fe637accecc29979e5408595de077,125
f385e8caae86b6cb58ed3241c1278ce6,d4777cb3468137b35f7e80b7434bec27,154
f385e8caae86b6cb58ed3241c1278ce7,b67e5a2e593be71fe871d7d511f0ab55,33
f385e8caae86b6cb58ed3241c1278ce8,0beb157ecf02b2c67048597bb3c514b5,150
f385e8caae86b6cb58ed3241c1278ce9,1e5a19729df6e4496686d9356be411ca,168
f385e8caae86b6cb58ed3241c1278ce10,78b2c63af827b482d7e3ffa096f4fbd2,120
f385e8caae86b6cb58ed3241c1278ce11,e546fc654970cfc01f73c0d73250e97b,101
f385e8caae86b6cb58ed3241c1278ce12,4d371dbb9d07b0a451e6a253244d3079,103
f385e8caae86b6cb58ed3241c1278ce13,110efe8a264188c41b74dca2c1211247,145
f385e8caae86b6cb58ed3241c1278ce14,100cf64c65b01e459c9fdda0f8b75061,27
f385e8caae86b6cb58ed3241c1278ce15,6becc2cf336cee342d817b90d632ae14,87
f385e8caae86b6cb58ed3241c1278ce16,3d6fa00462bffd51ce5cf6612ec9026a,133
f385e8caae86b6cb58ed3241c1278ce17,17c5b4a9be5e0fa567d3d38ca65e4005,45
f385e8caae86b6cb58ed3241c1278ce18,6de0ac647d194bdcfc0854c7ad51c44e,140
f385e8caae86b6cb58ed3241c1278ce19,a82c2c880ccf01c25e5ffa252551a612,79
f385e8caae86b6cb58ed3241c1278ce20,f74cedcf99a3aabc222398db7499bac1,23
f385e8caae86b6cb58ed3241c1278ce21,321fe275d1d66f05c5014fd97e870834,8
f385e8caae86b6cb58ed3241c1278ce22,a60cb266e26f960c075b6694022baae6,0
f385e8caae86b6cb58ed3241c1278ce23,5b82a306c99fa6afb74114ad40c19c94,3
f385e8caae86b6cb58ed3241c1278ce24,b1ae0bb44250b8cd2e080de545a6cd1b,8
f385e8caae86b6cb58ed3241c1278ce25,d7f2b465bbe159ecb83cb95d120df260,8
fdeb2950c4d5209d449ebd2d6afac11e,45e7a758a91a254ff04756562e740f2d,110
fdeb2950c4d5209d449ebd2d6afac11e,021dabc5d7a1404ec8ad34fe8ca4b5e3,23
fdeb2950c4d5209d449ebd2d6afac11e,c4072556336827a70c8a0298bc658b5b,61
fdeb2950c4d5209d449ebd2d6afac11e,c17f6e6b83ccc768962046f1af1372a5,24
fdeb2950c4d5209d449ebd2d6afac11e,d38e656ac7e867b6f28064fcf8d8fcaf,37
fdeb2950c4d5209d449ebd2d6afac11e,008c7fb331f92d216799d21a9104231a,78
fdeb2950c4d5209d449ebd2d6afac11e,07695ef9feebc6ba02831f0f3c22662a,147
fdeb2950c4d5209d449ebd2d6afac11e,315f46f7a5e1de7ef9b4c2430ce64e2d,81
fdeb2950c4d5209d449ebd2d6afac11e,c6e0c30c8c02b0706682ec89eb6fc565,114
fdeb2950c4d5209d449ebd2d6afac11e,0a4bdcb73ac21ffeb164386d44212f45,150
fdeb2950c4d5209d449ebd2d6afac11e,479986fc12b02040302f3d2b2a903e53,114
fdeb2950c4d5209d449ebd2d6afac11e,be9b1397bcb9fb9104edd23670988cda,81
fdeb2950c4d5209d449ebd2d6afac11e,7afc3cf0c2557f13e927da9ab03725dc,76
fdeb2950c4d5209d449ebd2d6afac11e,4f4e47023263931e1445dc97f7dae941,53
fdeb2950c4d5209d449ebd2d6afac11e,7d2101502c53723c2aaf2a8e5f150d97,71
fdeb2950c4d5209d449ebd2d6afac11e,3db8556c1f1efeb42aa762e45e2b25d4,42
fdeb2950c4d5209d449ebd2d6afac11e,f79a2b5e6190ac3c534645e806f1b611,84
fdeb2950c4d5209d449ebd2d6afac11e,068cc724c0bdf4a9fc56d2eb2d88fb0f,3
fdeb2950c4d5209d449ebd2d6afac11e,ac0e388f8e54b5a360b572302b933639,25
fdeb2950c4d5209d449ebd2d6afac11e,5779f715384a05dc9cea4ddf21ab564c,17
fdeb2950c4d5209d449ebd2d6afac11e,f4e77e1d9313c8f7274d0ca3ef38ed3d,17
fdeb2950c4d5209d449ebd2d6afac11e,377f464a91323a8e2c5486ce2cb4c153,1
fdeb2950c4d5209d449ebd2d6afac11e,2dccc7085f3e5aa5a404fa6ef1bdd672,1
fdeb2950c4d5209d449ebd2d6afac11e,ad0cbdf3bde800a9ff964cd041d26e28,1