Team1,Team2,Prob1WinsHome,Prob1WinsAway
East1,East2,0.580,0.517
East1,East3,0.672,0.630
East1,East4,0.718,0.668
East1,East5,0.785,0.710
East1,East6,0.819,0.788
East1,East7,0.936,0.893
East1,East8,0.978,0.942
East1,West1,0.482,0.467
East1,West2,0.630,0.563
East1,West3,0.660,0.619
East1,West4,0.740,0.674
East1,West5,0.790,0.709
East1,West6,0.840,0.795
East1,West7,0.910,0.839
East1,West8,0.960,0.916
East2,East3,0.616,0.567
East2,East4,0.675,0.580
East2,East5,0.760,0.686
East2,East6,0.790,0.758
East2,East7,0.866,0.823
East2,East8,0.896,0.858
East2,West1,0.483,0.459
East2,West2,0.553,0.481
East2,West3,0.610,0.568
East2,West4,0.649,0.631
East2,West5,0.684,0.659
East2,West6,0.811,0.748
East2,West7,0.874,0.840
East2,West8,0.929,0.879
East3,East4,0.600,0.554
East3,East5,0.672,0.614
East3,East6,0.752,0.679
East3,East7,0.747,0.734
East3,East8,0.868,0.804
East3,West1,0.359,0.300
East3,West2,0.502,0.433
East3,West3,0.532,0.485
East3,West4,0.594,0.585
East3,West5,0.687,0.604
East3,West6,0.752,0.713
East3,West7,0.826,0.754
East3,West8,0.846,0.814
East4,East5,0.582,0.531
East4,East6,0.709,0.643
East4,East7,0.715,0.658
East4,East8,0.782,0.766
East4,West1,0.330,0.305
East4,West2,0.401,0.385
East4,West3,0.453,0.385
East4,West4,0.523,0.473
East4,West5,0.607,0.534
East4,West6,0.631,0.594
East4,West7,0.772,0.706
East4,West8,0.819,0.765
East5,East6,0.575,0.523
East5,East7,0.681,0.584
East5,East8,0.729,0.658
East5,West1,0.276,0.221
East5,West2,0.361,0.302
East5,West3,0.400,0.336
East5,West4,0.435,0.361
East5,West5,0.528,0.476
East5,West6,0.559,0.553
East5,West7,0.662,0.593
East5,West8,0.774,0.688
East6,East7,0.619,0.563
East6,East8,0.645,0.636
East6,West1,0.180,0.150
East6,West2,0.285,0.254
East6,West3,0.331,0.313
East6,West4,0.346,0.326
East6,West5,0.489,0.436
East6,West6,0.516,0.441
East6,West7,0.561,0.505
East6,West8,0.650,0.600
East7,East8,0.556,0.535
East7,West1,0.146,0.049
East7,West2,0.227,0.161
East7,West3,0.283,0.236
East7,West4,0.370,0.301
East7,West5,0.390,0.333
East7,West6,0.459,0.400
East7,West7,0.486,0.466
East7,West8,0.599,0.506
East8,West1,0.018,0.002
East8,West2,0.118,0.099
East8,West3,0.169,0.119
East8,West4,0.257,0.190
East8,West5,0.321,0.266
East8,West6,0.394,0.340
East8,West7,0.456,0.407
East8,West8,0.575,0.523
West1,West2,0.619,0.526
West1,West3,0.681,0.620
West1,West4,0.731,0.690
West1,West5,0.807,0.757
West1,West6,0.889,0.813
West1,West7,0.923,0.888
West1,West8,0.982,0.943
West2,West3,0.608,0.558
West2,West4,0.620,0.601
West2,West5,0.689,0.667
West2,West6,0.794,0.749
West2,West7,0.847,0.797
West2,West8,0.937,0.907
West3,West4,0.569,0.487
West3,West5,0.650,0.553
West3,West6,0.705,0.680
West3,West7,0.787,0.748
West3,West8,0.850,0.760
West4,West5,0.589,0.573
West4,West6,0.681,0.627
West4,West7,0.714,0.666
West4,West8,0.833,0.762
West5,West6,0.601,0.530
West5,West7,0.633,0.585
West5,West8,0.698,0.645
West6,West7,0.604,0.540
West6,West8,0.660,0.588
West7,West8,0.574,0.561